"","var","var_ws3","var_ws4","var_ws5","var_ws6","var_ws7","var_ws8","var_ws9","var_ws10","var_ws11","var_ws12","var_ws13","var_ws14","var_ws15","var_ws16","var_ws17","var_ws18","var_ws19","var_ws20","var_ws21","var_ws22","var_ws23","var_ws24","var_ws25","var_ws26","var_ws27","var_ws28","var_ws29","var_ws30","var_ws31","var_ws32","var_ws33","var_ws34","var_ws35","var_ws36","var_ws37","var_ws38","var_ws39","var_ws40","var_ws41","var_ws42","var_ws43","var_ws44","var_ws45","var_ws46","var_ws47","var_ws48","var_ws49","var_ws50"
"1",1,NA,NA,NA,NA,NA,NA,NA,NA,NA,NA,NA,NA,NA,NA,NA,NA,NA,NA,NA,NA,NA,NA,NA,NA,NA,NA,NA,NA,NA,NA,NA,NA,NA,NA,NA,NA,NA,NA,NA,NA,NA,NA,NA,NA,NA,NA,NA,NA
"2",2,NA,NA,NA,NA,NA,NA,NA,NA,NA,NA,NA,NA,NA,NA,NA,NA,NA,NA,NA,NA,NA,NA,NA,NA,NA,NA,NA,NA,NA,NA,NA,NA,NA,NA,NA,NA,NA,NA,NA,NA,NA,NA,NA,NA,NA,NA,NA,NA
"3",3,0.0024377500000001,NA,NA,NA,NA,NA,NA,NA,NA,NA,NA,NA,NA,NA,NA,NA,NA,NA,NA,NA,NA,NA,NA,NA,NA,NA,NA,NA,NA,NA,NA,NA,NA,NA,NA,NA,NA,NA,NA,NA,NA,NA,NA,NA,NA,NA,NA,NA
"4",4,0.00129924999999997,0.00166422916666664,NA,NA,NA,NA,NA,NA,NA,NA,NA,NA,NA,NA,NA,NA,NA,NA,NA,NA,NA,NA,NA,NA,NA,NA,NA,NA,NA,NA,NA,NA,NA,NA,NA,NA,NA,NA,NA,NA,NA,NA,NA,NA,NA,NA,NA,NA
"5",5,0.00121758333333324,0.00125622916666672,0.00182330000000011,NA,NA,NA,NA,NA,NA,NA,NA,NA,NA,NA,NA,NA,NA,NA,NA,NA,NA,NA,NA,NA,NA,NA,NA,NA,NA,NA,NA,NA,NA,NA,NA,NA,NA,NA,NA,NA,NA,NA,NA,NA,NA,NA,NA,NA
"6",6,0.00116858333333342,0.000863083333333292,0.00106592499999991,0.00148106666666674,NA,NA,NA,NA,NA,NA,NA,NA,NA,NA,NA,NA,NA,NA,NA,NA,NA,NA,NA,NA,NA,NA,NA,NA,NA,NA,NA,NA,NA,NA,NA,NA,NA,NA,NA,NA,NA,NA,NA,NA,NA,NA,NA,NA
"7",7,0.00116858333333336,0.000921062500000125,0.000721424999999942,0.000987166666666739,0.00128136904761911,NA,NA,NA,NA,NA,NA,NA,NA,NA,NA,NA,NA,NA,NA,NA,NA,NA,NA,NA,NA,NA,NA,NA,NA,NA,NA,NA,NA,NA,NA,NA,NA,NA,NA,NA,NA,NA,NA,NA,NA,NA,NA,NA
"8",8,0.00826058333333318,0.00551708333333327,0.00481642500000004,0.00413467499999998,0.00353664285714291,0.00376020982142847,NA,NA,NA,NA,NA,NA,NA,NA,NA,NA,NA,NA,NA,NA,NA,NA,NA,NA,NA,NA,NA,NA,NA,NA,NA,NA,NA,NA,NA,NA,NA,NA,NA,NA,NA,NA,NA,NA,NA,NA,NA,NA
"9",9,0.00743058333333335,0.00696375000000001,0.00525532499999995,0.00509729999999986,0.0046877857142857,0.00403588839285704,0.00438331250000004,NA,NA,NA,NA,NA,NA,NA,NA,NA,NA,NA,NA,NA,NA,NA,NA,NA,NA,NA,NA,NA,NA,NA,NA,NA,NA,NA,NA,NA,NA,NA,NA,NA,NA,NA,NA,NA,NA,NA,NA,NA
"10",10,0.0078790833333332,0.00758883333333323,0.00651082500000003,0.00521047500000007,0.00486064285714286,0.00443241071428578,0.00391899999999995,0.00413965555555556,NA,NA,NA,NA,NA,NA,NA,NA,NA,NA,NA,NA,NA,NA,NA,NA,NA,NA,NA,NA,NA,NA,NA,NA,NA,NA,NA,NA,NA,NA,NA,NA,NA,NA,NA,NA,NA,NA,NA,NA
"11",11,0.00903958333333355,0.00690649999999989,0.0079176749999999,0.00754114166666668,0.00632278571428572,0.00616203125000005,0.00581802777777776,0.00517355555555553,0.00545947272727279,NA,NA,NA,NA,NA,NA,NA,NA,NA,NA,NA,NA,NA,NA,NA,NA,NA,NA,NA,NA,NA,NA,NA,NA,NA,NA,NA,NA,NA,NA,NA,NA,NA,NA,NA,NA,NA,NA,NA
"12",12,0.00882708333333332,0.00675989583333325,0.00613207500000001,0.00668070000000003,0.00642528571428573,0.00552517410714286,0.00543375694444448,0.00518734444444445,0.00467156363636363,0.00496481060606065,NA,NA,NA,NA,NA,NA,NA,NA,NA,NA,NA,NA,NA,NA,NA,NA,NA,NA,NA,NA,NA,NA,NA,NA,NA,NA,NA,NA,NA,NA,NA,NA,NA,NA,NA,NA,NA,NA
"13",13,0.00525174999999983,0.00812516666666666,0.00634592499999997,0.00561634166666671,0.00653957142857142,0.00660183928571418,0.00583862499999996,0.00589548888888886,0.00575266818181812,0.00523118749999998,0.00559360256410268,NA,NA,NA,NA,NA,NA,NA,NA,NA,NA,NA,NA,NA,NA,NA,NA,NA,NA,NA,NA,NA,NA,NA,NA,NA,NA,NA,NA,NA,NA,NA,NA,NA,NA,NA,NA,NA
"14",14,0.00367224999999999,0.0037987291666665,0.00609392499999994,0.00508636666666677,0.0047219761904761,0.00560542410714285,0.00578856944444445,0.00520678888888885,0.00534757272727249,0.00529397537878775,0.00485610256410263,0.00525569917582412,NA,NA,NA,NA,NA,NA,NA,NA,NA,NA,NA,NA,NA,NA,NA,NA,NA,NA,NA,NA,NA,NA,NA,NA,NA,NA,NA,NA,NA,NA,NA,NA,NA,NA,NA,NA
"15",15,0.00191608333333315,0.00250822916666663,0.00307854999999996,0.00488689999999989,0.0042679880952381,0.00411149553571425,0.00491313194444448,0.00514554444444447,0.00468735454545457,0.00487236363636345,0.0048762564102565,0.00450560027472522,0.0049232785714286,NA,NA,NA,NA,NA,NA,NA,NA,NA,NA,NA,NA,NA,NA,NA,NA,NA,NA,NA,NA,NA,NA,NA,NA,NA,NA,NA,NA,NA,NA,NA,NA,NA,NA,NA
"16",16,0.00234008333333341,0.0042295,0.00354192499999995,0.00435676666666653,0.00514130952380942,0.00471135267857153,0.00469344444444428,0.00512799999999997,0.00518976818181804,0.00474429356060597,0.00483256410256416,0.00478813186813188,0.00444687380952386,0.00478966250000005,NA,NA,NA,NA,NA,NA,NA,NA,NA,NA,NA,NA,NA,NA,NA,NA,NA,NA,NA,NA,NA,NA,NA,NA,NA,NA,NA,NA,NA,NA,NA,NA,NA,NA
"17",17,0.00164308333333363,0.00178008333333335,0.003788175,0.00320014166666671,0.00419464285714281,0.00469655357142851,0.00445019444444456,0.00455980277777786,0.00486576818181805,0.00488877272727278,0.00449645192307691,0.00456230769230769,0.00451809523809524,0.0042169739583333,0.00453103492647047,NA,NA,NA,NA,NA,NA,NA,NA,NA,NA,NA,NA,NA,NA,NA,NA,NA,NA,NA,NA,NA,NA,NA,NA,NA,NA,NA,NA,NA,NA,NA,NA,NA
"18",18,0.00204399999999988,0.00179322916666676,0.001651075,0.0030821666666665,0.00274180952380939,0.00360369642857128,0.00415337500000004,0.00397455833333327,0.00410704090909091,0.00444040151515149,0.00451370192307702,0.00418382554945054,0.00428502857142849,0.00427825000000004,0.00401143382352945,0.00434152941176477,NA,NA,NA,NA,NA,NA,NA,NA,NA,NA,NA,NA,NA,NA,NA,NA,NA,NA,NA,NA,NA,NA,NA,NA,NA,NA,NA,NA,NA,NA,NA,NA
"19",19,0.00604508333333331,0.00409272916666673,0.00398417500000001,0.00383007499999999,0.00536180952380953,0.00462342857142855,0.00556650000000006,0.00556422499999999,0.00541406818181804,0.00558601515151504,0.00560872756410258,0.0054794299450548,0.00509035714285707,0.00504426562499993,0.00493181617647068,0.00464270588235294,0.00484983040935684,NA,NA,NA,NA,NA,NA,NA,NA,NA,NA,NA,NA,NA,NA,NA,NA,NA,NA,NA,NA,NA,NA,NA,NA,NA,NA,NA,NA,NA,NA,NA
"20",20,0.0142100833333334,0.00981872916666663,0.00794455000000005,0.00657646666666678,0.00569030952380948,0.00623870982142843,0.00555352777777768,0.00601922499999994,0.00613496818181822,0.00584540909090903,0.00585677243589751,0.00594928708791221,0.00587440952380943,0.00549356249999994,0.00548386029411763,0.00539877205882361,0.00509910672514619,0.00533204934210525,NA,NA,NA,NA,NA,NA,NA,NA,NA,NA,NA,NA,NA,NA,NA,NA,NA,NA,NA,NA,NA,NA,NA,NA,NA,NA,NA,NA,NA,NA
"21",21,0.01376275,0.00948141666666661,0.00736667499999996,0.00639019999999997,0.0054903095238095,0.00487842857142863,0.0054704027777778,0.00494129166666663,0.00544466818181819,0.00558440909090908,0.00537336858974361,0.00543537500000011,0.00553733809523819,0.00548799583333341,0.00515427941176469,0.00516211764705883,0.00509884356725148,0.00483073355263157,0.00506657857142843,NA,NA,NA,NA,NA,NA,NA,NA,NA,NA,NA,NA,NA,NA,NA,NA,NA,NA,NA,NA,NA,NA,NA,NA,NA,NA,NA,NA,NA
"22",22,0.0144917500000002,0.0131127291666668,0.010715675,0.00858574166666677,0.0073143095238097,0.00659271428571425,0.00607487499999998,0.00679622499999994,0.00613480454545445,0.00672050568181818,0.00659459935897422,0.0064191043956044,0.00652223809523814,0.00644684062500005,0.00627438235294112,0.00590638235294125,0.00581569005847952,0.00567856513157885,0.0053955071428571,0.0055396044372294,NA,NA,NA,NA,NA,NA,NA,NA,NA,NA,NA,NA,NA,NA,NA,NA,NA,NA,NA,NA,NA,NA,NA,NA,NA,NA,NA,NA
"23",23,0.00439375000000011,0.00998516666666679,0.00984332500000007,0.00863854166666673,0.00720323809523819,0.0062926741071429,0.00581306944444454,0.00546662500000005,0.00624546818181824,0.00568728787878804,0.00632411858974365,0.00620359478021975,0.00609688571428576,0.00625211666666668,0.00617161764705881,0.00600760212418314,0.00567406286549716,0.00558616513157896,0.00545712499999995,0.0051988982683982,0.00533276976284594,NA,NA,NA,NA,NA,NA,NA,NA,NA,NA,NA,NA,NA,NA,NA,NA,NA,NA,NA,NA,NA,NA,NA,NA,NA,NA,NA
"24",24,0.00743958333333331,0.0054291666666666,0.00816167499999998,0.00893334166666686,0.00786747619047612,0.00677303125000006,0.00609921527777788,0.00561905555555558,0.0052666045454544,0.00589252083333346,0.00541868910256408,0.00596619917582413,0.00591112380952371,0.00580491666666664,0.00594134558823531,0.0059026413398693,0.00577794005847957,0.00547479210526316,0.0054157726190476,0.00531318235930742,0.00507227075098824,0.00522348867753633,NA,NA,NA,NA,NA,NA,NA,NA,NA,NA,NA,NA,NA,NA,NA,NA,NA,NA,NA,NA,NA,NA,NA,NA,NA,NA
"25",25,0.00214758333333342,0.00637850000000018,0.00490392500000009,0.0067441416666667,0.00789111904761922,0.00703326785714291,0.00620487500000008,0.0057179444444445,0.00528442272727281,0.00496137878787877,0.00550140064102574,0.00510067170329688,0.00559569523809533,0.00558873333333333,0.00549373529411756,0.0056244060457515,0.00561705116959057,0.00552386578947373,0.00524935833333326,0.00521371212121213,0.00513348418972342,0.00491046693840576,0.00507466416666665,NA,NA,NA,NA,NA,NA,NA,NA,NA,NA,NA,NA,NA,NA,NA,NA,NA,NA,NA,NA,NA,NA,NA,NA,NA
"26",26,0.00169608333333371,0.00191939583333337,0.00480007499999996,0.00395534166666685,0.00580099999999991,0.00680241071428573,0.00621481944444446,0.00555954444444453,0.00517090000000013,0.0048375056818182,0.00459101602564109,0.00515241758241749,0.00480025714285705,0.00531545000000001,0.00530644117647061,0.00524919035947716,0.0054076271929826,0.00539603684210524,0.00530751547619046,0.00505560227272732,0.00502137351778648,0.0049463894927536,0.00474072333333327,0.00489704153846159,NA,NA,NA,NA,NA,NA,NA,NA,NA,NA,NA,NA,NA,NA,NA,NA,NA,NA,NA,NA,NA,NA,NA,NA
"27",27,0.00117758333333362,0.00113350000000019,0.0014999250000001,0.00415254166666679,0.00351247619047627,0.00502228571428558,0.00608919444444445,0.005612625,0.00509436818181816,0.00480583901515163,0.00451376602564113,0.00429650686813195,0.00481260000000001,0.00450940000000006,0.00499538970588231,0.00501379820261434,0.00496936695906437,0.00512812105263157,0.00513530357142853,0.00506751136363634,0.00483826679841901,0.00481946693840593,0.00476016666666668,0.00456998153846147,0.00473336182336188,NA,NA,NA,NA,NA,NA,NA,NA,NA,NA,NA,NA,NA,NA,NA,NA,NA,NA,NA,NA,NA,NA,NA
"28",28,0.000676083333333355,0.000931062500000116,0.00107457500000013,0.00128134166666687,0.00346045238095238,0.00301156696428571,0.00443252777777781,0.00541490000000009,0.0050591409090909,0.00463565151515159,0.00440627243589757,0.00416942994505507,0.0039954952380953,0.00450940000000012,0.0042421544117647,0.00472959477124182,0.00475289035087721,0.00473161776315784,0.00490490357142845,0.00491451298701296,0.00485460079051386,0.00464424954710158,0.00463018749999999,0.00457795846153846,0.00440220797720804,0.00456249074074071,NA,NA,NA,NA,NA,NA,NA,NA,NA,NA,NA,NA,NA,NA,NA,NA,NA,NA,NA,NA,NA,NA
"29",29,0.000492750000000097,0.000484749999999923,0.000800675000000112,0.00102294166666668,0.00114280952380956,0.00296855357142862,0.00264027777777784,0.0039838916666667,0.00488045000000001,0.00461310606060605,0.00425893910256421,0.00407155494505489,0.00387881428571433,0.00374012916666674,0.0042516838235295,0.00401336029411762,0.00450166228070175,0.0045265921052632,0.00452533690476184,0.00471127759740265,0.00472124110671949,0.00466684057971023,0.00447279000000004,0.00446161999999983,0.00441461182336186,0.00425158300264547,0.00440756403940891,NA,NA,NA,NA,NA,NA,NA,NA,NA,NA,NA,NA,NA,NA,NA,NA,NA,NA,NA,NA,NA
"30",30,0.00125558333333342,0.000916562500000014,0.000963075000000091,0.00098406666666695,0.00105245238095245,0.00121998214285725,0.00299250000000004,0.00267690000000008,0.00376674090909099,0.00469346022727284,0.0044340224358976,0.00413342994505502,0.00399247142857138,0.00380112916666671,0.00365974632352939,0.00411130800653604,0.00389816228070175,0.00434129671052636,0.00438728928571426,0.00438067965367973,0.00455101383399221,0.00457717346014492,0.00453908333333342,0.00435840615384613,0.00436010256410255,0.00432552744708994,0.00417118472906403,0.0043348818965518,NA,NA,NA,NA,NA,NA,NA,NA,NA,NA,NA,NA,NA,NA,NA,NA,NA,NA,NA,NA
"31",31,0.00262975000000015,0.00175716666666674,0.00153567500000007,0.00132534166666676,0.00139911904761906,0.00150464285714299,0.00151023611111112,0.00289522500000008,0.00263466818181832,0.00373346969696979,0.00449948397435906,0.00429974862637366,0.0040191952380953,0.00387575729166671,0.00371693382352939,0.00360313153594773,0.00406940497076029,0.00386487894736847,0.00432126547619034,0.0043463208874458,0.00435863438735176,0.00454482608695666,0.00455426833333324,0.00450680038461538,0.00433367592592592,0.00432552744709007,0.00428498214285712,0.00413775747126444,0.00428567365591401,NA,NA,NA,NA,NA,NA,NA,NA,NA,NA,NA,NA,NA,NA,NA,NA,NA,NA,NA
"32",32,0.00350308333333366,0.00256541666666673,0.00199067500000008,0.00166886666666679,0.00154316666666669,0.0014984955357144,0.00151962500000011,0.00156700277777786,0.00293134090909091,0.00267768749999998,0.00359712499999994,0.00438356593406591,0.00418369523809524,0.00393939583333346,0.0038290661764705,0.00366905310457517,0.00355095467836263,0.00396617105263156,0.00378043690476191,0.00419658441558439,0.0042386818181818,0.00424423505434792,0.00441474833333329,0.00443776461538466,0.00440385541310534,0.00424132638888878,0.00424406650246313,0.00421402413793108,0.0040737424731183,0.00422839919354841,NA,NA,NA,NA,NA,NA,NA,NA,NA,NA,NA,NA,NA,NA,NA,NA,NA,NA
"33",33,0.0111315833333334,0.00742383333333341,0.00643907499999991,0.00554007500000009,0.00461930952380966,0.00432583928571427,0.00382161111111115,0.00346780277777784,0.00345984999999995,0.00484940151515165,0.00444537500000012,0.00495986950549462,0.00578169523809532,0.00545451666666672,0.00517913235294123,0.00505759477124195,0.00481024707602342,0.00460810789473696,0.00487167500000005,0.0046647927489176,0.00495583992094869,0.00500443297101466,0.00494577333333338,0.00504080038461534,0.00506992948717964,0.00503877513227502,0.00486183805418719,0.00486715402298859,0.00483759569892476,0.00468174974798387,0.00484141808712121,NA,NA,NA,NA,NA,NA,NA,NA,NA,NA,NA,NA,NA,NA,NA,NA,NA
"34",34,0.0053687500000002,0.0122281666666667,0.00945992499999998,0.00903747500000014,0.00830823809523817,0.00721392410714298,0.00692577777777784,0.00615627777777779,0.00554974090909077,0.00552540151515139,0.00696304166666669,0.00644349450549451,0.00660498095238116,0.00746725729166666,0.00702213970588245,0.0067164844771243,0.00658334649122809,0.00624890789473691,0.0059611083333333,0.0060717927489179,0.00583913043478278,0.00600029302536239,0.0060520266666666,0.00592259846153834,0.00593504487179492,0.00596689517195761,0.00593477401477822,0.00573808160919544,0.00574273494623663,0.00571025781250013,0.00553386695075761,0.00569655013368987,NA,NA,NA,NA,NA,NA,NA,NA,NA,NA,NA,NA,NA,NA,NA,NA
"35",35,0.01403425,0.0101401666666668,0.011839175,0.00950834166666672,0.00874695238095258,0.00795600000000007,0.00699361111111113,0.00664702500000007,0.00598610454545461,0.00546422727272734,0.00538579807692326,0.00662429807692314,0.0061595714285715,0.0063739333333334,0.00714088970588225,0.00674779820261448,0.00646223538011699,0.00633353881578949,0.00603182261904767,0.00577273214285719,0.0059047944664033,0.00568405797101447,0.00586202333333323,0.0059037296153846,0.00579289102564105,0.00582109259259266,0.00584505849753695,0.00580999109195406,0.00562248279569898,0.00562337878024194,0.00558977272727271,0.005421789661319,0.00557556302521008,NA,NA,NA,NA,NA,NA,NA,NA,NA,NA,NA,NA,NA,NA,NA
"36",36,0.0120485833333336,0.00948272916666667,0.00761957499999999,0.00954206666666688,0.00799973809523805,0.00764128125000019,0.0071528611111111,0.00640480277777793,0.00620914090909093,0.00564497727272723,0.00518610576923088,0.00517507142857157,0.0064263380952382,0.00601299583333343,0.00617859558823533,0.00697044526143797,0.0066008347953217,0.00635313881578952,0.00625843333333331,0.00596975108225112,0.00571883794466405,0.00582469519927545,0.00562322666666659,0.00577663115384617,0.00583565455840452,0.00572209656084655,0.0057394119458127,0.00577718419540231,0.00575549569892481,0.00557777016129033,0.00558990246212115,0.00556694674688045,0.0054055197478992,0.00556749265873022,NA,NA,NA,NA,NA,NA,NA,NA,NA,NA,NA,NA,NA,NA
"37",37,0.0032723333333336,0.00840939583333348,0.0077819500000002,0.00647646666666675,0.00803286904761902,0.00691317410714287,0.00670034027777788,0.00635978888888906,0.00576466818181807,0.00564629356060621,0.00517595192307703,0.00478795604395608,0.00481032142857149,0.00602039895833342,0.00566056617647057,0.00582649999999998,0.00660938450292403,0.00627619671052635,0.00606194761904764,0.00599314123376624,0.00572820256917012,0.00549673505434781,0.00560031083333338,0.00541808153846155,0.00556763461538465,0.00563695072751312,0.00553177647783256,0.00555160919540227,0.00559779569892482,0.00558574571572577,0.00541958238636361,0.0054395456773618,0.00542484327731095,0.00527249999999991,0.00543837274774778,NA,NA,NA,NA,NA,NA,NA,NA,NA,NA,NA,NA,NA
"38",38,0.00154158333333321,0.00415439583333347,0.00679462499999994,0.00639836666666662,0.00561064285714274,0.0073068526785714,0.0064481944444445,0.00642432222222227,0.00623244999999994,0.00573119696969713,0.0056998557692309,0.00526305631868138,0.00488955238095239,0.00495727395833342,0.00618942279411763,0.0058531707516342,0.00594827923976616,0.00675784473684213,0.00642698214285709,0.0062365281385281,0.00619201482213448,0.00592586911231886,0.00568949333333328,0.00575356461538465,0.00558234686609691,0.00569515608465605,0.00577910529556647,0.00566104626436776,0.00565973118279572,0.00571774193548381,0.00571640340909091,0.00555457241532982,0.00558379957983195,0.00557743253968252,0.00542685923423426,0.00560064580369843,NA,NA,NA,NA,NA,NA,NA,NA,NA,NA,NA,NA
"39",39,0.00285308333333339,0.00199389583333335,0.00474030000000003,0.00609720000000022,0.00569389285714283,0.00521017410714286,0.00700709027777779,0.00632121111111121,0.00644025454545449,0.00636355113636364,0.00593088141025655,0.0059713021978021,0.00555426666666665,0.00518400729166659,0.00529096507352947,0.00654883006535953,0.00622842543859657,0.00624747039473694,0.00708468690476178,0.00674925541125539,0.00657771442687763,0.00655406340579726,0.00628145583333332,0.00603512615384624,0.00605438461538462,0.00589067294973549,0.0059614895320196,0.00605872298850573,0.00592315698924738,0.00589590700604838,0.0059645852272727,0.00597250356506246,0.00581226680672267,0.00584960396825393,0.00585026163663659,0.00569896319345672,0.00588030094466933,NA,NA,NA,NA,NA,NA,NA,NA,NA,NA,NA
"40",40,0.00149274999999993,0.00218541666666683,0.00166217500000004,0.0037941666666669,0.0051565714285714,0.0050113526785714,0.00463365277777777,0.00623744444444446,0.00569281363636369,0.00585506628787864,0.00583865064102577,0.00548348489010999,0.0055642095238096,0.0052039333333334,0.00487886764705889,0.00500897058823542,0.00623984064327487,0.00595770000000006,0.00597688928571434,0.0068096282467532,0.00650111857707508,0.00635559737318828,0.00635308583333327,0.00609908153846149,0.00586798076923077,0.00588400628306875,0.0057363048029557,0.00580202327586203,0.00590932903225806,0.00577938306451604,0.00575234280303019,0.00582951893939385,0.00584667857142866,0.00569620714285717,0.00574137274774775,0.00575004427453764,0.00560642712550616,0.00579263445512819,NA,NA,NA,NA,NA,NA,NA,NA,NA,NA
"41",41,0.00207774999999982,0.00159541666666659,0.00184067500000007,0.00147576666666671,0.00317424999999979,0.00450581696428573,0.00451959027777782,0.00420615555555558,0.00563415454545453,0.00518792992424253,0.00536891025641036,0.00538963186813196,0.00509278095238108,0.00519882395833348,0.00488486764705895,0.00459783006535949,0.00474280116959072,0.00594041776315784,0.0056910226190475,0.00571370779220791,0.0065362648221345,0.0062526154891305,0.00612927250000002,0.00614410653846164,0.00590780199430198,0.00569153009259257,0.0057068866995074,0.00557352298850586,0.00563659999999997,0.00575184450604838,0.00562825189393934,0.00560281639928707,0.00568686428571431,0.00571187678571428,0.00557061599099088,0.00562241127311535,0.00563807017543863,0.00550190705128204,0.00569184756097569,NA,NA,NA,NA,NA,NA,NA,NA,NA
"42",42,2.35833333335211e-05,0.00148516666666672,0.00134507500000003,0.00151467499999995,0.00126266666666682,0.00272106696428577,0.00396265277777785,0.00406340000000006,0.00381212272727263,0.00512338446969694,0.00475584935897433,0.0049577582417583,0.00501220952380962,0.00476393333333345,0.00489369117647057,0.00461788970588237,0.00436195467836267,0.00452166513157893,0.00569330833333339,0.0054721996753248,0.0054937193675891,0.00630938949275366,0.00604666499999999,0.00594344461538466,0.0059745113960115,0.00575327876984123,0.00554945135467972,0.00556178850574716,0.00544152473118282,0.00549989919354837,0.0056231553030302,0.0055041535204992,0.00547858529411768,0.0055695920634921,0.00560231869369367,0.00546942265291606,0.00552781309041843,0.00555030705128204,0.00542084756097552,0.00561483217189319,NA,NA,NA,NA,NA,NA,NA,NA
"43",43,0.00279808333333337,0.00207083333333347,0.00213632499999994,0.0017737416666666,0.00202873809523822,0.00175756696428562,0.00323771527777783,0.00407821111111111,0.00406759090909099,0.00388511174242444,0.00522264102564096,0.00490421978021974,0.0051583023809524,0.00525927395833339,0.00503980882352939,0.00520400000000014,0.00493700730994161,0.00468114407894741,0.00486316190476193,0.00604797619047621,0.00583751383399217,0.00580986911231887,0.00664226500000002,0.00637688461538467,0.0062868076923078,0.00633263359788358,0.00610758004926106,0.0058971850574713,0.00587693924731173,0.00576224369959667,0.00578881439393944,0.00592194652406428,0.00578922058823533,0.00574298789682529,0.00584207244744745,0.00588188051209105,0.00575000944669369,0.00581476346153851,0.00584282621951204,0.00571266100464567,0.00591279263565893,NA,NA,NA,NA,NA,NA,NA
"44",44,0.00214608333333338,0.00189656249999996,0.00155632500000003,0.00174556666666681,0.00152483333333338,0.00174953125000002,0.0015444375,0.0028816361111112,0.00367257272727262,0.00370772727272744,0.00356507692307699,0.00482224862637352,0.00455698809523817,0.00482519583333335,0.00495049816176468,0.0047677124183007,0.00495046783625735,0.00471382828947376,0.00448316428571429,0.00467805898268415,0.00584263339920967,0.00565607201086964,0.00562740250000001,0.00645501384615386,0.00620751994302001,0.00613510978835975,0.00619553078817733,0.00598373247126445,0.00578429623655922,0.00576101512096785,0.00565816808712136,0.00567996791443849,0.00582089075630251,0.00569187678571423,0.00564490465465468,0.00575082432432435,0.00579805094466944,0.00567378701923078,0.00574499695121951,0.00577967421602773,0.00565561821705407,0.00586004756871039,NA,NA,NA,NA,NA,NA
"45",45,0.0075067499999999,0.00730850000000001,0.00680982499999999,0.00602214166666664,0.00511940476190483,0.00438812499999993,0.0045352500000001,0.00411737777777778,0.00547221818181818,0.00569197537878771,0.00543000000000008,0.00526095054945056,0.00655545952380963,0.00625202395833338,0.00653277757352944,0.00666112418300661,0.006448668128655,0.00663295986842108,0.00634923928571425,0.00606456060606057,0.00625751679841927,0.00743944519927534,0.00722558999999997,0.00709135999999997,0.00793351353276367,0.00764532638888891,0.00756174507389169,0.00761831867816097,0.00737145645161297,0.0071349231350807,0.00704140672348494,0.00692399643493771,0.00687917857142857,0.00701917837301578,0.00684932019519523,0.00675322546230432,0.00685749325236173,0.00690105624999996,0.0067616274390244,0.00682977947154462,0.00686009994462902,0.006720294397463,0.00692482904040416,NA,NA,NA,NA,NA
"46",46,0.00890208333333342,0.00595006249999989,0.00576262499999991,0.00552276666666676,0.00503707142857146,0.00441699553571435,0.00386502777777764,0.00403534444444448,0.00370669090909095,0.00498190909090912,0.00521782692307704,0.00501275412087911,0.00488536428571429,0.0061278333333334,0.00587478492647053,0.00617403676470594,0.00632880116959081,0.00615324407894739,0.00635889761904753,0.00610674242424249,0.00584900691699598,0.00605788949275359,0.00722739583333346,0.0070383384615387,0.00690754131054138,0.00774939517195773,0.00747993472906404,0.00741480143678164,0.00748711129032259,0.00725441834677428,0.00702979592803019,0.0069352542335115,0.00683038655462193,0.00678239265873028,0.0069314241741741,0.00676589118065439,0.00666977024291508,0.0067818972756411,0.00683368993902449,0.00670219454123091,0.00677761932447405,0.00681524352537002,0.00668181691919187,0.0068916735507245,NA,NA,NA,NA
"47",47,0.01043575,0.00776941666666686,0.00599817500000011,0.00546214166666683,0.00510240476190467,0.00464626785714278,0.00419869444444443,0.00373746944444451,0.00383434090909094,0.00353541477272748,0.00465051923076931,0.00493118131868132,0.00478272142857142,0.00465917395833332,0.00579778492647071,0.00557041830065372,0.00585480116959067,0.00600871776315786,0.00585403690476181,0.00605928571428577,0.00583121146245072,0.00559616983695673,0.00580557250000006,0.00693968461538461,0.0067699807692309,0.00665286078042338,0.00747755233990158,0.00722717126436791,0.00717488333333346,0.007255935483871,0.00703833570075754,0.00682735561497328,0.0067396336134454,0.00664503551587308,0.00660158821321315,0.00675438833570416,0.00659712348178134,0.00650647419871798,0.00662233902439011,0.00667913356562132,0.00655543549280189,0.00663514482029589,0.00667767500000012,0.00655112765700502,0.00676283533765034,NA,NA,NA
"48",48,0.000435250000000109,0.00790272916666675,0.00627357500000009,0.00526847500000018,0.00481083333333343,0.0045155714285713,0.00415181944444437,0.00383280277777789,0.00345945000000003,0.00354170454545462,0.00328464423076935,0.00430573076923077,0.00460619523809517,0.00449957395833351,0.00439247058823539,0.00546375163398709,0.00526495467836267,0.00554714407894748,0.00570841547619043,0.00557611742424236,0.00578738537549407,0.00558221739130441,0.00536811500000008,0.00558261384615392,0.00669197507122513,0.00654097089947099,0.00643268780788182,0.00724684626436789,0.00701345698924734,0.00697444329637102,0.00706551751893941,0.00686139483065953,0.00666237941176472,0.00657845932539683,0.00649406043543552,0.00645236717638696,0.00661035964912287,0.00645954102564102,0.00637223597560985,0.00649296414053415,0.00655552187153928,0.00643922040169146,0.00652397146464648,0.00657194504830909,0.00645177613321004,0.00666641478280143,NA,NA
"49",49,0.00028900000000015,0.000623229166666683,0.00721105000000022,0.00587806666666668,0.00526511904761917,0.00474485267857139,0.0043991527777778,0.00403598888888901,0.0038052045454545,0.00348097537878791,0.0035031057692307,0.0032562870879121,0.00414232857142863,0.00447379583333346,0.00440550735294132,0.00429136029411763,0.00526495467836267,0.00507716052631575,0.00533488928571426,0.00548431655844151,0.00536149209486184,0.00556262318840598,0.00537266500000004,0.00517398499999988,0.00538137678062686,0.00644933068783076,0.00631096243842357,0.00621590833333335,0.00700661290322581,0.00678830544354846,0.00675685984848484,0.00685141622103396,0.00665958949579842,0.00647203015873009,0.00639577139639642,0.00631854783072558,0.00628263090418354,0.00644090769230779,0.0062980628048781,0.00621682709059223,0.00633845099667757,0.00640345295983083,0.00629343510101013,0.00638014927536253,0.00643093154486584,0.00631660095301439,0.00653084332482997,NA
"50",50,0.000641083333333292,0.000456729166666577,0.000565325000000005,0.00580436666666677,0.00491364285714283,0.00455155357142864,0.00416825000000004,0.00391518055555561,0.00363344090909106,0.00346379545454546,0.00319672756410276,0.00323467170329667,0.00302412380952388,0.00386849895833337,0.00419418382352926,0.00414707516339879,0.0040529809941521,0.00499047039473681,0.00482746547619031,0.0050901233766232,0.0052500197628459,0.00514660688405786,0.00535618166666663,0.0051846865384616,0.00500248789173792,0.00521667559523821,0.00626841687192124,0.00614571522988507,0.00605435698924749,0.00683915725806461,0.00663425568181814,0.00661467023172908,0.00671875126050433,0.00653769265873022,0.00635951914414415,0.00628409174964435,0.00621586774628899,0.0061790762820513,0.00634282743902448,0.00620429515098724,0.00612423837209303,0.00625091596194511,0.0063215795454545,0.00621794118357484,0.00630968455134154,0.00636573758865252,0.00625682568027205,0.00647439020408158
"51",51,0.000948583333333475,0.000730729166666462,0.000548949999999881,0.00070316666666681,0.00551055952380941,0.00474563839285728,0.00455661111111122,0.00415848888888896,0.00388162272727284,0.0035990511363637,0.00348288141025654,0.00324834065934057,0.00324390952380961,0.00303909583333321,0.00377840808823526,0.00412518382352947,0.00410545467836269,0.00400331842105264,0.00485821547619025,0.00470055465367947,0.0049386363636364,0.00508428804347843,0.00498533333333318,0.00518216038461539,0.00502100071225073,0.00484991137566149,0.00505454864532015,0.00606552902298851,0.00595152365591396,0.00587167641129029,0.00663185984848477,0.00643901983065963,0.006424055882353,0.00652894503968266,0.00635793581081067,0.00618930743243259,0.00612106072874506,0.00605807628205135,0.00602690609756102,0.00618927076074324,0.00605790282392025,0.00598357980972492,0.00610974318181827,0.00618147741545911,0.00608299629972275,0.0061754599955673,0.0062331352040816,0.00612918734693884
"52",52,0.00148058333333334,0.000996562500000094,0.000919999999999976,0.000743041666666633,0.000933654761904767,0.00544262500000008,0.00476396527777778,0.00470462222222231,0.00429007272727278,0.0039856420454543,0.00369375641025623,0.00362088461538451,0.00341084999999985,0.00336101562500009,0.00315568382352932,0.00378938643790845,0.00415698099415203,0.00416123421052634,0.00404557261904754,0.00481458062770569,0.00465635968379452,0.00486407971014496,0.0049896233333333,0.00488992000000007,0.00506852207977207,0.00491362003968241,0.00475023337438429,0.00494065775862065,0.00590581182795704,0.00579694329637098,0.00572848863636369,0.00645938057041005,0.00627644663865551,0.00626291587301603,0.00636525563063062,0.0062026004623043,0.00604213765182185,0.00598141282051283,0.00592159512195112,0.00589661324041813,0.00605505121816182,0.00593053422304462,0.00586216843434344,0.00598567198067638,0.00605654856614256,0.00596207347074474,0.00605345514455776,0.00611111387755101
"53",53,0.00364299999999995,0.0026612291666667,0.00213769999999996,0.00173704166666679,0.0014534166666668,0.00140778571428573,0.00499359027777785,0.00444674722222234,0.00437385454545431,0.00404327272727293,0.00380327564102563,0.0035600068681319,0.00347984999999992,0.00328446249999998,0.00326242095588231,0.00307789869281058,0.00371471783625734,0.00404074934210519,0.00403697261904745,0.00394111688311671,0.00470731620553375,0.00456780389492767,0.00478872333333339,0.00492868461538453,0.00484421652421663,0.00503488988095231,0.00489185591133008,0.00473791954022996,0.00493789569892478,0.00590004007056453,0.00580244933712123,0.00572763725490204,0.006460549579832,0.00628500535714289,0.00628141854354366,0.00639296319345667,0.00623621997300961,0.00608030368589747,0.00601373902439031,0.00596083217189316,0.00592878959025462,0.00609336614693453,0.00596850555555551,0.00589627342995177,0.00602523519889006,0.00610162134308513,0.00601142070578235,0.00610782663265302
"54",54,0.00329008333333342,0.00272622916666654,0.00214037500000003,0.00188296666666674,0.00157682142857155,0.00136591071428582,0.00130984027777792,0.00444241388888895,0.00400646363636348,0.00397633901515155,0.00370727564102565,0.00351348901098898,0.00331010238095253,0.00324924062499997,0.00307978125000002,0.00307283986928104,0.00290956578947362,0.00352849736842103,0.00384217261904749,0.00384608712121224,0.00376445059288563,0.00451076630434792,0.00438721833333326,0.00461204038461535,0.00475910754985759,0.00468748776455019,0.00488375184729065,0.00475310229885056,0.00461032580645169,0.00481487096774208,0.00576411079545461,0.00567753119429604,0.00560462310924367,0.00633210535714284,0.00616627214714723,0.00617129605263159,0.00628967611336048,0.00614101538461548,0.00599220243902434,0.0059259780778165,0.0058799620708748,0.00584691265856232,0.00601557500000008,0.00589400338164272,0.00582249444958371,0.00595534829343986,0.00603616879251708,0.0059510934693878
"55",55,0.00102608333333332,0.00225089583333345,0.00204729999999997,0.00172296666666671,0.00157015476190481,0.00135328571428582,0.00119579861111102,0.0011678361111111,0.00405075454545458,0.00368702272727256,0.00370727564102587,0.00347139148351649,0.00330001666666683,0.00311949583333349,0.0030832040441176,0.00293763153594775,0.00293091812865498,0.00278233881578963,0.00336511547619045,0.00367999134199134,0.00369692885375506,0.00362146693840581,0.00433321833333326,0.00421983846153832,0.00443881267806291,0.00458465972222224,0.00452100862068965,0.00471543793103454,0.00459467473118291,0.00446160660282262,0.00466477746212124,0.00559196969696971,0.00551392857142866,0.00544686408730161,0.00616166966966968,0.00600532574679952,0.00601617813765194,0.00613794615384614,0.00599734390243896,0.00585599767711967,0.00579333139534885,0.00575281329281188,0.00572206010101031,0.00589203816425127,0.00577533371877897,0.00570693605939728,0.00584142920918362,0.00592483714285721
"56",56,0.000757583333333756,0.0014868333333334,0.00196012500000003,0.00177226666666681,0.00158361904761898,0.00144235267857159,0.00127596527777785,0.00113916944444448,0.00113757272727271,0.00386944696969699,0.00354789102564094,0.00361353296703306,0.00338938809523816,0.0032218239583333,0.0030493363970589,0.00303586928104578,0.0029088011695906,0.00289022302631566,0.0027489726190475,0.00328226028138534,0.00360435573122537,0.00363517210144932,0.00355838499999994,0.0042244803846155,0.00411521153846154,0.00431993915343917,0.00445706465517242,0.00439615517241386,0.00458194731182804,0.00446761063508074,0.00434162121212117,0.00453779344919783,0.00543527857142866,0.00536257837301599,0.00530293280780785,0.00599872546230442,0.00585048313090414,0.00586397692307705,0.00598551219512213,0.00585189329268288,0.00571728488372102,0.00565967970401682,0.00562272045454539,0.00559594154589386,0.00576435661424606,0.00565294669769503,0.0055887585034015,0.00572248326530614
"57",57,0.00389025000000026,0.00260575000000007,0.00227032499999996,0.00288826666666679,0.00276165476190478,0.00239088839285717,0.00224775694444457,0.00199805833333337,0.00182255454545444,0.00171599242424249,0.00398064743589751,0.00368047939560444,0.00368610238095243,0.00348682916666666,0.00334121874999982,0.00318369035947729,0.00314089473684219,0.00300514736842116,0.00300104047619056,0.00286442207792196,0.00340519565217394,0.00367944519927542,0.00368986833333348,0.0036239415384615,0.00429371153846162,0.0041942337962963,0.0044093799261084,0.0045570747126437,0.00450513279569898,0.00470022152217751,0.00459176467803035,0.00446960427807497,0.00467340210084032,0.00557166250000003,0.00550586411411416,0.00543572617354197,0.0061351508097166,0.00599006650641038,0.0060106243902438,0.00613929747386751,0.00600820348837201,0.00587494754228332,0.00580867601010094,0.00577634154589393,0.00573994241443118,0.00591352293882982,0.00579919111394533,0.00572870040816312
"58",58,0.0137480833333331,0.0112890625,0.00878082499999983,0.00702596666666668,0.00757308333333325,0.00723233928571425,0.00634143750000005,0.00598690277777767,0.00542189999999998,0.00502818750000002,0.0046166730769233,0.00612722527472541,0.00572310238095224,0.00550455000000009,0.0052482738970589,0.00505635702614396,0.00484674561403509,0.00467420000000009,0.00445134761904757,0.0044262537878789,0.00424280928853756,0.00478793070652179,0.00493207249999994,0.00485748153846167,0.00477544871794889,0.0054535433201058,0.00533722044334978,0.00555323103448284,0.0056997994623656,0.00563656048387099,0.0058316822916667,0.00570643605169354,0.00556449075630262,0.00576804503968254,0.00667349249249267,0.00659824839971559,0.00648607523616738,0.00719207371794876,0.00703088506097589,0.00704778861788595,0.00717606229235887,0.00703061033298116,0.0068815904040404,0.00678296570048309,0.00674461216466234,0.00667589716312049,0.00684976892006798,0.00671522255102036
"59",59,0.00340808333333331,0.0104020833333335,0.0102105750000002,0.00873494166666675,0.00730745238095243,0.00818774553571425,0.00809579861111109,0.00725821111111122,0.00700235454545446,0.0064477500000001,0.00607144230769237,0.00560444642857132,0.00674077857142847,0.00635068333333327,0.00606316360294135,0.00582361192810457,0.00564714619883031,0.00544488421052624,0.00522801190476172,0.00498272132034614,0.00496886264822132,0.00478075679347847,0.00534125000000008,0.00542005538461535,0.00530923717948727,0.00523297189153448,0.00592313362068965,0.0058107022988505,0.00603795591397844,0.00619462878024199,0.00613600047348489,0.00634046791443851,0.00621529411764713,0.00607077678571432,0.00628193130630623,0.00719486486486494,0.00712235323886645,0.00698974983974369,0.00770373871951233,0.00753981649245062,0.00756133361018838,0.00769561363636372,0.00754740782828269,0.00739425797101462,0.00727887557816838,0.00724215946365266,0.00715587776360534,0.00733439224489796
"60",60,0.00451908333333328,0.00380608333333354,0.00802267500000003,0.00818974166666688,0.0072794761904762,0.00626355357142845,0.00719249999999994,0.00726444444444457,0.00660675000000013,0.00646865719696989,0.00602005769230777,0.00572606181318683,0.00531795952380941,0.00635223333333332,0.00601831066176478,0.00575848692810463,0.00555787719298238,0.00541444407894754,0.00524176428571428,0.00503953679653672,0.00481279545454544,0.0048165538949275,0.00464615999999995,0.00520792653846151,0.00527800641025648,0.00517101851851855,0.00510841687192119,0.00579574281609194,0.0056969064516131,0.00593246673387083,0.0060986931818181,0.00605170855614963,0.0062644382352942,0.00614972123015869,0.00601443806306317,0.00623262748933147,0.00714216734143066,0.00707934599358982,0.00694717195121948,0.00766169802555161,0.00750552408637875,0.00753528805496844,0.00767691994949482,0.00753531896135276,0.00738786632747478,0.00727167686170224,0.00724138010204078,0.00715302408163263
"61",61,0.0234390833333334,0.0232240833333333,0.0174615750000001,0.0158667416666668,0.0137968095238095,0.0119030714285715,0.01043325,0.0102873777777777,0.00975109090909099,0.0088736571969698,0.00840233333333344,0.00778601785714286,0.00731644523809522,0.00683255000000009,0.00790904595588227,0.0074707687908496,0.00719366666666686,0.00688725263157887,0.00664190714285704,0.00638761309523796,0.0061677045454545,0.00590891847826094,0.00582719416666659,0.00561036461538468,0.00604745797720795,0.00612345601851854,0.00601241687192124,0.00590068505747138,0.00648166451612902,0.00634687071572576,0.00652010984848478,0.00663382620320866,0.00655520504201684,0.00671965456349213,0.00658509084084086,0.00643442816500722,0.00661232186234823,0.00745164086538466,0.00737115152439025,0.00724228397212535,0.00790371207087488,0.00774098242600424,0.00775216540404055,0.00787101751207737,0.00772408140610571,0.00757274900265964,0.00746012500000008,0.00741866979591842
"62",62,0.0133030833333335,0.0156887291666667,0.017572075,0.0141263416666669,0.0132461190476193,0.0118276964285715,0.0104152499999999,0.00927446944444441,0.00926431363636349,0.00888236931818181,0.0081525673076922,0.00778457142857138,0.00726058809523801,0.00686428333333341,0.00643765625000003,0.00745465114379088,0.00706787719298251,0.00682286513157914,0.00655276428571416,0.00633810822510834,0.00611174802371565,0.0059108872282608,0.00567279416666659,0.00560718461538467,0.00540827849002855,0.00584430423280425,0.00591978756157628,0.00581706005747137,0.00571786236559155,0.00629328629032267,0.00617105871212109,0.00635010895721928,0.00647106008403362,0.0064028640873017,0.00657326088588582,0.00644876671408245,0.00630743252361668,0.00649033269230783,0.00732304756097557,0.00725147328687574,0.00712601190476195,0.00778506910676536,0.00763042500000005,0.00764874698067651,0.00777345467160045,0.00763352083333341,0.00748852933673487,0.00737766622448986
"63",63,0.00868524999999998,0.00963416666666668,0.013633825,0.0169047416666668,0.0143402857142857,0.0131409821428571,0.0117399027777778,0.0104497361111113,0.00945604090909096,0.0092775511363638,0.0088382307692307,0.00815969230769216,0.00776767380952397,0.0072656958333333,0.00687159007352944,0.00647465114379104,0.00751856432748562,0.00713867368421053,0.00692631190476196,0.00664910660173164,0.00642348715415024,0.00619139130434808,0.00600823916666667,0.00578039884615407,0.00569667378917402,0.00549713855820115,0.00588597475369457,0.00597581724137938,0.00588551397849475,0.00577781628024188,0.00630821780303037,0.00618211408199674,0.00634066092436982,0.00644583392857153,0.00637306231231251,0.00652806116642957,0.00640385458839424,0.00626441907051286,0.00643423780487806,0.0072331736353077,0.00716101882613512,0.00704347819767454,0.00767824949494944,0.00752774154589378,0.00754324514338582,0.00766215913120567,0.00752597831632651,0.00738509183673471
"64",64,0.00752558333333331,0.0122704166666667,0.010605625,0.0123860000000002,0.0146468095238096,0.0126917142857144,0.0119952777777779,0.0109546694444445,0.00989254090909073,0.00901756060606066,0.00897995192307706,0.00865868131868122,0.00804725714285727,0.00772907395833323,0.00727296139705891,0.00692180147058822,0.00653942397660817,0.00745260789473691,0.00710271190476197,0.00688359956709961,0.00663229545454567,0.00643019519927538,0.0062173391666666,0.00602981538461535,0.00580606267806274,0.00573824173280417,0.0055483823891626,0.00594837499999998,0.006015759139785,0.00591734576612913,0.00582048579545463,0.00635778810160443,0.006241343277311,0.00641004285714293,0.00652524812312312,0.00646127951635857,0.00662524628879903,0.00650759214743592,0.00637320121951217,0.00655058434959348,0.00735218023255792,0.00728690208773796,0.00716402449494941,0.00780306473429956,0.00765654209065689,0.00767872163120577,0.00780431802721101,0.00767151275510197
"65",65,0.00738158333333333,0.00501775000000008,0.00959442499999996,0.00861054166666664,0.0103222380952383,0.0126197142857143,0.0111862500000001,0.0106915583333334,0.00987154090909095,0.00900140151515143,0.0082759775641027,0.00829028571428576,0.00804030238095242,0.00751099895833338,0.00724784742647039,0.00684774918300648,0.0065414415204679,0.00619892368421047,0.00707999761904743,0.00676461742424229,0.00657072628458512,0.0063439764492755,0.00616260583333332,0.00596938346153827,0.00579819943019954,0.0055912116402116,0.00553403078817733,0.00535799885057484,0.0057531623655913,0.0058231570060484,0.0057332149621212,0.00564543850267374,0.00617444831932785,0.00606751964285707,0.00623876163663656,0.0063580419630157,0.00630188360323895,0.00646893445512826,0.00635946798780487,0.00623295934959345,0.00641295930232562,0.0072056536733614,0.00714751464646475,0.00702904299516914,0.00766342252543946,0.0075241089317377,0.00755174234693867,0.00768137969387754
"66",66,0.00269325000000031,0.00768606250000007,0.00577332499999988,0.0106861000000001,0.00929883333333333,0.0101155535714287,0.0117356944444446,0.0105058333333335,0.0102585227272729,0.00962547537878791,0.00887320833333335,0.00819929670329655,0.00830432142857137,0.00813094999999991,0.00763902389705878,0.00742545506535934,0.00705281286549732,0.00677440197368424,0.00643569761904765,0.00719394372294365,0.00689726976284565,0.00668841123188403,0.00647931083333327,0.00631453115384627,0.00613433333333345,0.00595313624338639,0.00574477832512312,0.00569980143678173,0.00552919731182797,0.00593502192540331,0.00597916335227255,0.00587722816399282,0.00579758067226897,0.00633405932539698,0.00623423123123127,0.0064145832147937,0.00654267307692316,0.00649340705128214,0.00666852652439025,0.0065636453252031,0.00644021705426356,0.00662710716173365,0.00742357525252523,0.00737085084541052,0.00724500994449595,0.00788425886524828,0.00774731653911568,0.00778064857142852
"67",67,0.0083023333333333,0.00680106250000019,0.00789150000000005,0.00634586666666679,0.00960508333333339,0.00872120982142859,0.0098302777777779,0.0116811555555554,0.0106470909090908,0.0102614602272728,0.00960739743589752,0.00889072527472527,0.00827744523809524,0.00829126250000011,0.00807959007352937,0.00761159232026141,0.007380134502924,0.00701845986842104,0.00673987261904752,0.00641979870129854,0.0071953458498025,0.0069038437500002,0.00671743750000005,0.00650486461538449,0.0063338361823363,0.00615087136243387,0.00598321428571439,0.00578342988505751,0.00572679946236582,0.00555701209677421,0.00592900047348494,0.00598429166666667,0.00589237058823541,0.00580743492063489,0.00631042192192188,0.00620842620910396,0.00637360155195689,0.00648998974358966,0.00643771859756082,0.00660114939024395,0.00649700387596896,0.00637559408033832,0.00655239343434352,0.00732165954106306,0.00726879810360777,0.00714971099290782,0.00776917028061215,0.00763593683673473
"68",68,0.0147677500000001,0.0102157291666666,0.00988257500000017,0.00917336666666673,0.00782790476190483,0.00970445982142849,0.00913423611111108,0.0104789583333334,0.0125340227272728,0.0116195056818182,0.0110376185897438,0.0103024175824176,0.00957035238095237,0.00897936562500015,0.00885606433823527,0.00856414133986933,0.00808925730994151,0.00780619736842102,0.00742924761904749,0.00712483116883125,0.00680536264822142,0.00760444519927535,0.00729935250000006,0.00712602038461529,0.00689251139601154,0.00669835846560857,0.00649758251231537,0.00633590488505759,0.00613553064516138,0.00605303225806459,0.00587355729166655,0.00619518181818185,0.00626008487394964,0.00617416408730165,0.00607368618618626,0.00652860953058322,0.0064154929149797,0.00655412804487185,0.00664834054878058,0.00658479050522656,0.00672665503875969,0.00661662526427066,0.00649142373737374,0.00664940966183569,0.00738033048103612,0.00732114849290769,0.00720705718537403,0.00779717602040817
"69",69,0.0399760833333335,0.0287514166666665,0.0217465750000001,0.0178531416666666,0.0172151428571429,0.0147560000000001,0.0167761944444444,0.015121225,0.0150788409090907,0.0158974924242425,0.0146543685897436,0.0140855837912088,0.0132930952380953,0.0124409166666668,0.0116727352941176,0.0115429673202614,0.0112182631578947,0.0106422335526316,0.0103151999999998,0.00986092045454553,0.00949765513834007,0.00908473913043507,0.00962733083333341,0.00926990346153836,0.00899246153846151,0.00872240740740753,0.00849709975369452,0.00826227040229884,0.00802664139784953,0.00777115221774215,0.00766984517045449,0.00745621122994667,0.00777732058823541,0.00776007837301584,0.00761485623123114,0.00749716358463733,0.00795498515519581,0.00782457035256415,0.0079593475609756,0.00804835133565596,0.00797215503875947,0.00811029743657496,0.00798400454545451,0.00784044347826093,0.00799508649398701,0.0087304653147164,0.00866074511054419,0.00851268938775504
"70",70,0.0438900833333332,0.0386045,0.029227175,0.0241844666666668,0.0202035000000002,0.0203398169642857,0.01788175,0.0203048888888889,0.0183204227272728,0.0175993106060607,0.0177296250000001,0.0163864505494504,0.0159193380952383,0.015167515625,0.0142977794117646,0.0134567352941177,0.0133673859649125,0.0130594210526316,0.0124437833333332,0.0121149204545455,0.0116293745059288,0.0112453473731884,0.0107810108333334,0.0111323153846154,0.0107504216524216,0.0104037288359789,0.0101180049261084,0.00987997844827602,0.0096288897849463,0.0093424989919355,0.00905091051136359,0.00894268382352929,0.00870878655462197,0.00903607837301585,0.0089558340840839,0.00876669061166423,0.00864049628879915,0.00910539983974377,0.00896575274390257,0.00910202380952389,0.0091912137320043,0.00910881765327704,0.00924788585858586,0.00911182862318848,0.00895643593894556,0.00911170378989369,0.00985348873299315,0.00977815397959179
"71",71,0.00393358333333382,0.0293001666666666,0.0296975749999998,0.0238605666666669,0.0207603928571429,0.0178055669642859,0.0185433125000001,0.0166173888888888,0.0192958545454545,0.0175554753787879,0.0168281506410257,0.0168698076923076,0.0156728880952382,0.0153601822916665,0.01473965625,0.0139706176470588,0.0131958771929825,0.0131845763157895,0.012946557142857,0.0123797689393937,0.0121027934782608,0.0116555865036233,0.0113079016666666,0.0108641015384617,0.011153551994302,0.0107959718915345,0.0104502216748766,0.0101859551724139,0.00996803494623653,0.00973399974798375,0.009447609375,0.00916131818181829,0.00906793193277308,0.00884337777777781,0.0091839647147146,0.009088561344239,0.00889396997300949,0.00877771538461544,0.00925241128048779,0.00912149898373978,0.00926817718715421,0.00936734883720906,0.00929314343434355,0.00944138224637684,0.00931137673450529,0.0091606684397162,0.00932384332482998,0.0100711825510204
"72",72,0.00401758333333369,0.00441449999999991,0.021976925,0.0239776749999998,0.0200316190476191,0.0180296026785715,0.0157776250000001,0.0168469555555555,0.0153280136363636,0.0181277784090909,0.0166197852564101,0.015938353021978,0.0159508380952382,0.0148901989583335,0.0147011544117646,0.0141935065359476,0.0135174254385965,0.0128102967105262,0.012864957142857,0.0126895221861471,0.0121726136363637,0.0119444112318842,0.0115368191666666,0.0112258753846155,0.0108069985754986,0.0110531755952381,0.0107214913793105,0.010383215229885,0.0101412413978495,0.00994404737903229,0.00972822017045444,0.00944667847593582,0.00916907478991599,0.00909076825396815,0.0088773881381381,0.00922977738264567,0.00912511032388664,0.00892923317307693,0.0088236015243901,0.00930659349593494,0.00918528959025487,0.0093419475422835,0.00945090454545452,0.00938551751207749,0.00954268432007402,0.00941978679078028,0.00927503039965975,0.00944595877551017
"73",73,0.000815083333333355,0.00447050000000004,0.00553692500000014,0.0179101000000002,0.0200011190476191,0.0171959821428571,0.0157777361111112,0.0140265805555555,0.0151760136363635,0.0139563787878789,0.0167106891025642,0.0154259793956045,0.0148517666666668,0.0149103291666666,0.0139801727941176,0.0138720073529413,0.0134516476608188,0.0128578578947368,0.0122206226190477,0.0123194653679652,0.0121926926877471,0.0117258799818843,0.0115390475,0.0111712696153846,0.0108955968660971,0.0105072010582011,0.0107386379310344,0.0104341439655173,0.0101135618279571,0.00989385080645169,0.00971691808712122,0.00951991377005348,0.0092509285714286,0.00898716111111122,0.00892283558558551,0.00872287766714082,0.00908205195681515,0.00897827163461543,0.00878822804878063,0.00869341056910582,0.0091797682724253,0.00906876889534881,0.00923317752525244,0.00935026570048324,0.00929395767807599,0.00945833676861707,0.00934382206632652,0.00920678816326536
"74",74,0.00088508333333337,0.000703833333333422,0.00336007500000002,0.0045501416666669,0.014985119047619,0.0174250000000002,0.0152702361111113,0.0143150555555555,0.0128836409090908,0.0141894753787877,0.0131958173076923,0.0159998736263735,0.0148577142857144,0.0142977624999999,0.0143131875,0.0134712908496732,0.0134502178362574,0.0131109809210525,0.0125845654761904,0.011995658008658,0.0121451511857711,0.0120670144927537,0.0116384691666665,0.0114904511538462,0.0111539871794872,0.0109079136904761,0.0105389532019704,0.0107293517241379,0.0104457198924733,0.0101293135080646,0.00992796922348477,0.0097683219696971,0.00958646302521009,0.00932011349206355,0.00906273048048058,0.00901138495732567,0.00882058603238875,0.00919057932692319,0.00907672652439011,0.00888410452961682,0.00879845625692111,0.00929273401162805,0.00919003585858605,0.00936357584541068,0.00948958209990744,0.00944107402482272,0.00961368813775513,0.00950533928571426
"75",75,0.00180758333333331,0.00145049999999987,0.00134707500000009,0.00397286666666687,0.00537930952380964,0.0133795,0.0154382361111112,0.0137594,0.0129917545454544,0.0118110662878787,0.0130379166666668,0.0121995714285714,0.014857030952381,0.0138672156250001,0.0134054448529412,0.0134792352941176,0.0127305350877194,0.0127440335526317,0.0124555499999999,0.0119853376623378,0.0114505108695652,0.0116191938405799,0.0115694358333332,0.0111795711538461,0.0110587592592594,0.0107532470238096,0.0105336299261084,0.0101915229885058,0.0103816989247312,0.0101202154737903,0.00982296922348486,0.00963913725490202,0.00949516302521011,0.00932854503968262,0.00907618243243228,0.00883261024182085,0.00879155904183544,0.00861274615384621,0.0089841594512194,0.00887572198025544,0.00869137320044299,0.00861448625792807,0.00910741363636378,0.00901348466183593,0.00919162835337668,0.00932302482269513,0.00928208312074822,0.00945930500000003
"76",76,0.00172358333333389,0.00120783333333333,0.00109192499999994,0.00110047500000015,0.00347264285714292,0.00493414285714306,0.0117420694444444,0.0137235583333333,0.0123835045454544,0.0118162026515151,0.0108316826923078,0.0120664999999999,0.0113679571428572,0.0139653989583334,0.0130944852941178,0.0126852883986929,0.0127721447368422,0.0120999282894739,0.0121616369047617,0.011928064935065,0.0115113853754943,0.0110227785326087,0.0112207775,0.0112045896153847,0.010850254985755,0.0107592579365079,0.0104829987684729,0.0102897126436782,0.00997052956989262,0.0101466771673387,0.00990606297348473,0.00962182999108738,0.00945548739495801,0.00932762142857158,0.00917607507507492,0.00893332094594588,0.00870067105263158,0.00867117692307696,0.00850334969512212,0.00888064576074321,0.00877211849390923,0.00859208707716684,0.00852436313131304,0.00902045169082122,0.00893531984273825,0.00912030042109943,0.00925886373299338,0.00922583071428569
"77",77,0.000930083333333664,0.00124089583333342,0.00101167500000005,0.00092114166666688,0.000933571428571275,0.00298528125000016,0.00438137500000013,0.010439625,0.012398668181818,0.011294960227273,0.0108916474358974,0.0100538626373625,0.0113112738095238,0.0107272739583335,0.0132889540441175,0.0125118692810458,0.0121319780701753,0.0122112440789474,0.0116009071428573,0.0117092770562771,0.0115260167984191,0.0111564669384058,0.0107065975000001,0.0109341465384615,0.0109500754985756,0.0106269298941798,0.0105640086206897,0.0103138747126437,0.0101446612903227,0.00984496748991939,0.0100012575757575,0.00977930213903733,0.00950431092436975,0.00935402123015864,0.00924113363363352,0.0091033911806544,0.0088675043859647,0.00864363317307679,0.00862526798780467,0.00846713661440173,0.00885144518272432,0.00874004651162802,0.00856208131313134,0.00850298321256046,0.0090035899629974,0.00892663297872344,0.00911882504251693,0.00926475724489791
"78",78,0.0198285833333333,0.0134645,0.012366825,0.0100213416666667,0.00895623809523808,0.0082596428571428,0.01017025,0.0114478916666667,0.0150434409090908,0.0157850151515152,0.0145702147435899,0.0137569560439562,0.012790480952381,0.0134776906250001,0.0127232352941176,0.0147099084967322,0.0138928903508773,0.0135474973684209,0.0136742654761903,0.0130258484848484,0.0129703379446641,0.012678173460145,0.0122416766666666,0.0117570784615385,0.011865566951567,0.0117939047619048,0.0114316736453203,0.011304075,0.011016014516129,0.0108041328125,0.0104841633522726,0.0106565926916221,0.0104068319327732,0.0101284785714285,0.00994797447447452,0.00980415451635857,0.00964037078272611,0.00939993525641032,0.00916629969512206,0.00911797865853627,0.00894338538205984,0.00927970335623683,0.00917234797979798,0.0089940111111111,0.00891499976873271,0.00937010627216317,0.00927708014455786,0.00944055551020411
"79",79,0.0194490833333333,0.0142861666666666,0.0107596250000001,0.0101118666666667,0.00849361904761895,0.00773885714285719,0.00724819444444463,0.00904210000000018,0.0103389227272727,0.0136759242424243,0.0144850352564103,0.0134586868131868,0.0127915357142858,0.0119519072916665,0.0126716415441179,0.012015663398693,0.0139745789473684,0.0132390756578948,0.0129282892857141,0.0130607121212121,0.0124688547430831,0.0124524451992754,0.0122035108333334,0.0118090784615384,0.0113611054131054,0.0114937394179895,0.0114493300492611,0.0111161094827587,0.0110129951612904,0.0107492436995968,0.010559372159091,0.0102589964349377,0.0104212970588234,0.0101894259920635,0.00992281231231231,0.00975746870554767,0.0096276602564103,0.00947709599358973,0.00924564725609747,0.00902202032520328,0.00898390863787364,0.0088192600422832,0.00916056818181818,0.00905410205314025,0.00888027636447745,0.00880952127659583,0.0092671643282312,0.00918210091836733
"80",80,0.0134140833333333,0.0129855625000001,0.0108604249999999,0.00875770000000022,0.00872665476190493,0.00757949553571415,0.00712619444444434,0.00684959999999994,0.00871825454545467,0.0101360662878788,0.0129708814102565,0.0136536098901099,0.0127827452380952,0.0121713291666667,0.0114303474264708,0.0120800629084969,0.0114817602339182,0.0133136947368422,0.0126481642857143,0.0123955887445887,0.0125695069169961,0.0120260634057971,0.0120115474999999,0.0117795834615383,0.0114111054131055,0.0109932103174602,0.0111231945812807,0.0110854988505746,0.0107727951612905,0.0106790461189516,0.0104314034090908,0.0102540412210337,0.00997054075630262,0.0101411857142857,0.00992175638138133,0.00967044167852058,0.00951410256410253,0.00939188958333335,0.00924945487804876,0.00902955168408841,0.00881620514950174,0.00878205219344624,0.0086249727272727,0.00896076871980686,0.00886182123034238,0.0086962234042555,0.00862984800170078,0.00908009193877543
"81",81,0.00270475000000014,0.0128281666666665,0.0114643249999998,0.00969974166666665,0.00809097619047616,0.00793320982142864,0.00698911111111122,0.00657722499999987,0.00632576818181803,0.00798582386363631,0.00930498397435916,0.0120379024725275,0.0127908095238096,0.0120228822916667,0.0115159356617647,0.0108524379084968,0.0115395058479534,0.0110114282894737,0.0128358119047618,0.0122246471861473,0.0119821047430831,0.0121403365036233,0.0116361041666665,0.011656573846154,0.0114607977207976,0.0111256755952382,0.0107348325123153,0.0108876566091955,0.0108741973118279,0.0105845393145161,0.0105121775568181,0.0102843707664886,0.0101255600840335,0.00985709107142867,0.0100115131381379,0.00980679231863457,0.00956262651821877,0.00941921650641042,0.00930916737804885,0.00917800987224144,0.00896375415282395,0.00875769067124714,0.00873283636363635,0.00858391074879239,0.00892560661424623,0.00882447163120577,0.00866077147108842,0.00860175397959192
"82",82,0.00880008333333338,0.00596341666666681,0.0162095750000002,0.013561675,0.0114236190476192,0.00981769642857147,0.00914077777777789,0.00812769166666665,0.00751191363636341,0.00707943181818167,0.00829606089743569,0.00930735302197815,0.0120745666666667,0.0129355958333335,0.0121763786764706,0.0117462418300656,0.0110976769005849,0.0118459019736842,0.0113569035714286,0.013217658008658,0.0126195750988145,0.012327231884058,0.0124057083333333,0.0119095046153847,0.01196479985755,0.0117974163359788,0.0114812727832512,0.0110971827586207,0.0112741166666668,0.011281716733871,0.0110021993371212,0.0109461401515153,0.0107279109243698,0.0105798593253969,0.01031353003003,0.0104228342816501,0.010224048920378,0.00997104102564109,0.00983404847560951,0.00973061628919849,0.00960455813953502,0.00938332346723054,0.00917445000000009,0.00915550785024162,0.00900803723404266,0.00935761159131202,0.00924029528061236,0.0090673065306122
"83",83,0.00510475000000021,0.00648341666666659,0.00487307499999995,0.0129699416666667,0.0113069761904763,0.00980526785714275,0.00859875000000015,0.00815217777777787,0.00734104090909091,0.00686640151515179,0.0065404839743591,0.00775855494505504,0.00879866666666691,0.0113387625,0.0121584080882351,0.0114941928104577,0.0111163947368422,0.0105361388157894,0.0112617476190476,0.0108214567099567,0.0126168626482215,0.0120708980978261,0.0118140416666666,0.0119120661538462,0.0114539558404559,0.0115221941137566,0.0113760985221674,0.0110854126436781,0.0107273811827957,0.0109115604838708,0.010931844223485,0.0106722898841358,0.0106295966386554,0.0104280482142857,0.0102943171921924,0.0100437268847796,0.0101545020242916,0.00996880624999997,0.00972812652439021,0.00960174157955845,0.00950787541528226,0.00939138623150105,0.00917982373737383,0.00898040531400979,0.00896799791859411,0.00882869813829784,0.00917829443027215,0.00906567642857133
"84",84,0.00505558333333334,0.00348416666666658,0.00528117499999997,0.0042697666666669,0.0118669047619048,0.0104452455357144,0.00918600000000003,0.00821084444444454,0.00775979999999992,0.00705438446969716,0.00660518910256432,0.00628796153846147,0.00735888809523815,0.00830154895833323,0.0107880036764706,0.011651928104575,0.0110426520467836,0.0107317657894737,0.0101972833333334,0.0109516996753249,0.0105589654150198,0.0123526449275363,0.0118430891666666,0.0115864046153845,0.0116628846153846,0.0112310251322751,0.0113273559113301,0.0112095577586207,0.0109442349462365,0.0106057489919356,0.010809594223485,0.0108501737967917,0.0106085705882353,0.0105838021825399,0.0103981685435436,0.0102797483997155,0.0100407098515519,0.0101334769230769,0.00995966219512194,0.00972306387921017,0.00960746207087469,0.00952391794397466,0.00941688510101013,0.00920865265700487,0.0090144417206291,0.00901028712322694,0.00887760182823131,0.00923347642857134
"85",85,0.00191425000000023,0.00419216666666681,0.00315392500000011,0.00436414166666665,0.00365595238095229,0.0101802142857143,0.00914025000000007,0.00816533611111102,0.00739024090909091,0.0070553844696969,0.00646748397435918,0.00610040796703307,0.00584617142857167,0.00689473229166679,0.00783575367647071,0.0101689746732027,0.0110076476608187,0.0104655335526315,0.0101965404761905,0.0097131580086579,0.0104540424901188,0.0101005394021741,0.0118454225000001,0.0113770338461538,0.0111454451566953,0.0112325935846561,0.0108315554187192,0.0109408160919541,0.0108422736559141,0.0105991146673388,0.0102826633522727,0.0104945376559716,0.010547387394958,0.0103233896825397,0.0103112710210211,0.0101406507823613,0.0100354203778678,0.00981024855769246,0.00990194512195113,0.00974005865272925,0.0095137740863788,0.00940810716173374,0.00933365454545446,0.00923562125603878,0.00903564084181326,0.00884978889627687,0.00885215539965978,0.00872705357142859
"86",86,0.00630175000000033,0.00421922916666665,0.00681617500000015,0.00552027500000021,0.00557845238095256,0.00478474553571433,0.00971519444444452,0.00894067777777775,0.00812412272727281,0.00739955113636367,0.00717205769230792,0.00662510989010973,0.00631570952380952,0.0061105072916666,0.00719881433823533,0.00818505555555566,0.0102214049707604,0.0109254072368422,0.0104287404761904,0.0101439377705628,0.00968844169960467,0.0103425851449277,0.00999430250000007,0.0116139588461539,0.011170153846154,0.010970953373016,0.0110859347290639,0.0107036979885058,0.0107921446236559,0.0106870766129032,0.0104479237689392,0.0101427836452764,0.0103359924369749,0.0103793259920636,0.0101608881381381,0.0101440497866288,0.0099768400809717,0.00987222500000015,0.00965415609756111,0.00975592465156794,0.00959741057585814,0.00938077418076113,0.00927614570707077,0.00920174299516899,0.00910492691951916,0.00891232435726969,0.00873208843537417,0.00873244897959165
"87",87,0.00232708333333348,0.00424672916666687,0.0031903000000002,0.00569870000000012,0.004849238095238,0.00489349553571421,0.0042904375000003,0.00863906666666667,0.00805821818181807,0.00740179356060617,0.00679567307692334,0.00664440247252757,0.0061757738095239,0.00592555729166679,0.00576807904411752,0.00684421323529423,0.00783248245614053,0.00973659144736851,0.0104082476190477,0.00996348322510808,0.00970616897233224,0.00929051449275381,0.00992314750000012,0.00960334653846147,0.0111687507122509,0.0107577301587301,0.0105817844827587,0.0107092497126436,0.010352345698925,0.010446652217742,0.0103543612689395,0.0101319815062389,0.00984496134453791,0.0100406831349205,0.0100912015765766,0.00988669630156486,0.00987822874493947,0.00972271730769214,0.00962794451219495,0.00942157621951233,0.00952519629014423,0.00937626109936561,0.00916941590909091,0.00907247741545913,0.00900494912118413,0.00891518971631215,0.00873046853741477,0.00855780826530618
"88",88,0.0015053333333333,0.00157556250000024,0.00323705000000007,0.00259024166666695,0.00495520238095248,0.00437474553571419,0.00439692361111121,0.00392372500000008,0.00778656363636365,0.00734771969696995,0.00681214102564106,0.0062957760989011,0.00620517857142871,0.00579906250000016,0.00559759742647076,0.00548006290849672,0.00654506140350892,0.00753418684210533,0.00931486428571406,0.00995230140692648,0.00955256422924917,0.00931718432971011,0.00893628083333324,0.00954531384615393,0.00924963960113987,0.0107603158068785,0.0103783152709359,0.0102238704022989,0.0103633349462366,0.0100291691028227,0.0101269275568182,0.0100450008912656,0.00983719411764723,0.00956647837301579,0.00976288325825831,0.00981877400426751,0.00962663090418369,0.00962494615384621,0.00947974939024383,0.00939348373983749,0.00919777768549273,0.00930376995243157,0.0091634022727272,0.00896583393719802,0.00887566604995372,0.00881412588652474,0.00873061734693859,0.00855339030612231
"89",89,0.00114975000000017,0.00133056249999997,0.00164487500000005,0.00336939999999997,0.00282072619047617,0.00521688839285713,0.00476962500000011,0.00461584444444446,0.00419359090909106,0.00743820265151514,0.00711683333333335,0.00666717032967009,0.00619270714285713,0.00616206250000021,0.00579164154411782,0.00563071241830069,0.00554870467836263,0.00663010263157892,0.0076417976190474,0.00924534848484863,0.00980455237154156,0.00943981884057999,0.0092010808333333,0.00884391884615361,0.0093973404558407,0.00910954365079373,0.0105315554187192,0.0101695370689656,0.010038814516129,0.0101974838709679,0.00987939251893943,0.009963981506239,0.00987928487394975,0.00967639920634917,0.00941586111111113,0.00959929943101008,0.00964912483130889,0.00946252419871795,0.009458237195122,0.00931674695121933,0.0092319094684384,0.00904266649048622,0.00915606136363634,0.0090192339371982,0.00882993293246994,0.00874137189716311,0.00868058758503398,0.00859873724489782
"90",90,0.000842583333333424,0.00076956250000008,0.00104520000000008,0.00131856666666699,0.00283786904761903,0.00244919642857149,0.00469750694444454,0.00439437777777786,0.00425446363636377,0.00391496969696989,0.00684247435897456,0.00660554532967052,0.00623308809523821,0.00581830000000002,0.00582877757352918,0.00550303676470588,0.00537794444444457,0.00532609473684211,0.0063973976190475,0.00740823647186146,0.00890962747035573,0.00943706521739128,0.00910785416666685,0.00888478461538469,0.00855537179487178,0.00908489517195767,0.00881545935960602,0.0101850413793105,0.00984637903225819,0.00973411189516132,0.00990364251893938,0.00960434046345809,0.00968935210084045,0.00961165932539677,0.00942007132132118,0.00917298364153622,0.00935463360323897,0.00940720256410252,0.00923046402439023,0.0092305390534262,0.00909713039867106,0.0090186557875267,0.00883830479797969,0.00895470966183585,0.00882476040703055,0.00864376551418448,0.00856044005102027,0.00850416010204069
"91",91,0.00443008333333367,0.0042018333333332,0.00384757500000005,0.00316470000000013,0.003409,0.00498603125000008,0.00445906250000005,0.00677482222222217,0.00645701363636384,0.0060192481060606,0.00562414102564109,0.00785640109890107,0.0076617071428573,0.00729915729166682,0.00684518933823525,0.00688055310457509,0.00653487426900575,0.00641520723684213,0.00637039999999978,0.00746705898268374,0.00850556422924888,0.00976459737318837,0.0101527441666666,0.00983037115384604,0.00956081908831893,0.00922792592592602,0.00965366748768469,0.00936021982758627,0.0105918112903227,0.0102501411290322,0.0101529692234848,0.0103401633244208,0.0100388394957985,0.0100813515873017,0.00997585210210206,0.00976861966571838,0.00951582287449412,0.00965981266025632,0.0096844737804878,0.00949737398373988,0.00947600636766344,0.00933117177589826,0.00923863055555567,0.0090531692028986,0.00917797039778016,0.0090393971631205,0.00886000510204077,0.00876633561224487
"92",92,0.00443775000000041,0.00319106250000004,0.00362182500000008,0.00368407500000001,0.00309328571428569,0.00348312500000019,0.00512937500000005,0.00470895555555551,0.00706366818181832,0.0068567954545454,0.006370439102564,0.00602703296703304,0.00788878095238088,0.0077672072916668,0.00745909191176464,0.0070285588235295,0.00710809649122821,0.00678527039473688,0.00669578690476178,0.00667868398268391,0.00779592391304346,0.00885865172101458,0.00996762333333338,0.0102807215384615,0.00998237037037041,0.00970088359788348,0.00938257266009852,0.00974940833333338,0.00945466612903238,0.0105959425403226,0.010265109375,0.0101870160427808,0.0103919042016807,0.0100997492063493,0.0101216043543543,0.01000577613798,0.00979644365722008,0.00954785641025652,0.00967188689024376,0.00968358304297333,0.00949611683277953,0.0094657488107824,0.0093189840909091,0.00922220398550739,0.00903862303422766,0.00917138962765965,0.00903172278911565,0.00885783224489789
"93",93,0.00492633333333331,0.00453856250000021,0.00342650000000005,0.00342386666666687,0.00335614285714303,0.00292249999999988,0.00319475000000013,0.00460424722222215,0.00426526818181818,0.00642165151515158,0.00628713141025646,0.0058807486263736,0.00559849523809522,0.00736586666666679,0.00728197058823521,0.00702041911764722,0.0066382938596493,0.00673641776315785,0.00644950833333322,0.00638351136363622,0.00638586166007927,0.00748015172101477,0.00852855166666666,0.00959023115384596,0.00989772293447318,0.00962723115079364,0.00936613423645324,0.00907159885057477,0.00943131989247329,0.00915548160282263,0.0102662646780304,0.00995548663101592,0.00989004075630278,0.0100999910714287,0.00982433108108112,0.00985118492176382,0.009744488866397,0.00954673701923093,0.00931051371951233,0.00943646414053433,0.00945311904761888,0.00927530179704021,0.00925064191919182,0.00911200724637682,0.00902203098982452,0.00884671797429072,0.00898038605442175,0.00884756285714292
"94",94,0.00400833333333339,0.00590225000000004,0.00483620000000007,0.00387557500000009,0.00359036904761919,0.00337845982142878,0.00303752777777799,0.00316848888888889,0.00432022272727273,0.00401574242424237,0.00593918269230764,0.00583386263736261,0.00549585238095236,0.00525009583333317,0.00696386764705892,0.00689350408496741,0.00666008333333338,0.00631560263157906,0.006415675,0.00615526893939408,0.00610130237154168,0.00611234601449293,0.00716870833333331,0.00818836346153844,0.00922158333333351,0.00953308068783074,0.00928445135467961,0.00904489540229888,0.00877046559139796,0.00913076587701635,0.00887358996212123,0.00996501871657763,0.00967214831932777,0.00961427777777801,0.00982330067567578,0.00956234637268843,0.00959723684210525,0.0095013100961539,0.00931552743902428,0.00909091405342626,0.00922168493909179,0.00924530179704027,0.00907727525252534,0.00905978031400991,0.00892968154486595,0.00884727382535466,0.00867995897108849,0.00881145142857141
"95",95,0.000340333333333387,0.00355233333333345,0.00596670000000005,0.00490124166666681,0.00413822619047621,0.00373578571428571,0.00344659027777766,0.00318227777777786,0.00320789090909104,0.00414461174242414,0.0038607980769233,0.00557059340659351,0.00547773095238099,0.00519520729166677,0.00497380882352932,0.0066460163398692,0.00657990497076034,0.00636566513157893,0.00605152261904771,0.00614708712121226,0.00590733992094891,0.00585989809782604,0.00587454333333322,0.00688876346153847,0.00787485541310536,0.00888633961640216,0.00920391933497536,0.00897318419540244,0.00875381182795696,0.00849661290322572,0.00885945738636368,0.00861950289661321,0.00969557016806732,0.00941865873015877,0.00936579842342342,0.00957128894025618,0.0093234446693658,0.00936677884615387,0.00928147560975598,0.00910706750871093,0.00889310160575862,0.00902928158033829,0.00906008636363633,0.00890134975845412,0.00889108996299749,0.0087692016843973,0.00869421237244894,0.00853437765306128
"96",96,0.0102970000000002,0.00706066666666675,0.00639070000000008,0.00681946666666673,0.00598736904761902,0.00513310267857157,0.00480284027777778,0.00455068055555562,0.00414061818181826,0.0041994772727272,0.00518475641025651,0.0048924395604397,0.00664001666666682,0.00657306250000005,0.00620453492647066,0.00598273202614397,0.00734721052631585,0.00730824934210532,0.007107057142857,0.00678089393939401,0.00689606719367587,0.00665294519927529,0.00661508583333337,0.00663999384615394,0.00767177849002854,0.008677175595238,0.00954448891625605,0.00977780574712653,0.0095546118279571,0.00930796774193552,0.00905110132575743,0.00934521412655975,0.00909030798319348,0.0100692896825398,0.00979062424924927,0.00974888051209105,0.00996732186234799,0.00971865128205133,0.00973093597560983,0.00962505357142848,0.00943895708748616,0.00922073678646926,0.00932778964646452,0.0093366425120773,0.00916951387604083,0.00914193339982272,0.0090105512329934,0.00892383561224501
"97",97,0.0190503333333336,0.0175769166666667,0.0144547000000001,0.011726,0.010432238095238,0.00959378124999999,0.00844211111111121,0.00805005555555555,0.00772289090909073,0.00702220454545476,0.00704291025641028,0.00805354532967035,0.00767192142857143,0.0094596625,0.00936428860294103,0.00882296486928117,0.00854595321637428,0.00949413421052641,0.00944602857142853,0.00921667803030293,0.00882938043478284,0.00893876041666669,0.00865381250000001,0.00859810653846154,0.00860915384615394,0.00965530522486769,0.0106762697044335,0.0113388359195403,0.0114369456989249,0.0111977598286291,0.0108883740530303,0.0106079376114082,0.010791330672269,0.0104934767857144,0.0113308870120121,0.011028857041252,0.0109864699730094,0.0112109613782052,0.0109432969512194,0.0108972677119628,0.0107470069213732,0.0105289179439747,0.0102897204545454,0.0103437469806765,0.0103091068455136,0.0101168280141844,0.010052787840136,0.0098957689795918
"98",98,0.0105583333333332,0.0144923333333334,0.0136777,0.0117541666666666,0.0099889523809524,0.00923855357142855,0.00856956944444459,0.00764389166666662,0.00732686818181825,0.00706647537878795,0.00648041025641048,0.00652160439560445,0.00748101666666669,0.00716095000000016,0.0088733988970589,0.00882527124183022,0.00834291228070194,0.00811097631578957,0.00902315714285709,0.00900432738095224,0.00880960770750998,0.00845854166666684,0.00858607749999981,0.0083299988461539,0.00829530199430216,0.00832461772486773,0.0093602192118227,0.0103751577586208,0.011009897311828,0.0111064344758064,0.0108894900568181,0.0105964768270946,0.0103354277310926,0.0105140212301588,0.0102312012012013,0.0110443335704127,0.0107582756410258,0.0107275743589743,0.0109584899390248,0.0107044268292681,0.0106616583610191,0.010518121960888,0.0103090676767677,0.0100800212560387,0.0101344560592045,0.0101028293439716,0.00991810331632655,0.00985780908163261
"99",99,0.01118125,0.00764322916666667,0.01087645,0.010994375,0.00991805952380964,0.00863438839285714,0.00810831944444451,0.00766677777777784,0.00693121363636364,0.00673692992424237,0.00657752564102583,0.00607232554945035,0.00617217857142854,0.00714826249999992,0.00689052389705885,0.008594513888889,0.00860237426900588,0.00815325263157899,0.00796513333333322,0.00879105465367956,0.00880960770751002,0.00865047826086979,0.00832786416666672,0.00848170153846148,0.00825065669515669,0.00823962433862451,0.00829067241379322,0.00933306781609199,0.0103574069892473,0.0109381129032258,0.0110128896780302,0.0108163805704101,0.0105288138655462,0.0102835640873017,0.0104408164414415,0.0101654146514938,0.0109351835357626,0.0106608203525642,0.0106437826219513,0.0108859529616727,0.0106421409191584,0.0105928428911205,0.0104481977272726,0.0102423425120775,0.0100196873265495,0.0100657548758867,0.0100296479591837,0.00984787357142862
"100",100,0.00157074999999995,0.0102631666666666,0.00828057500000007,0.00978926666666675,0.0096979166666666,0.00882449999999998,0.00789043749999985,0.00760150000000001,0.00718519090909084,0.00654697537878792,0.00635491025641037,0.00620198489010995,0.00576165000000011,0.00584626250000001,0.00674659007352946,0.00651814705882374,0.00812667251461995,0.00815320789473701,0.0077493619047619,0.00758730086580077,0.00839888636363647,0.00842981114130423,0.00829136416666668,0.00799553538461527,0.00815548361823361,0.00794517824074077,0.00794618965517253,0.00800712758620692,0.0090292559139785,0.0100378727318549,0.0106042987689394,0.0106839073083778,0.0105044306722689,0.0102332587301586,0.0100040018768767,0.0101621452702702,0.00990108097166009,0.0106556865384616,0.010395287195122,0.0103860342624855,0.0106302738095239,0.0103984217758987,0.0103546699494948,0.010217895772947,0.0100212358926922,0.00980802659574489,0.00985684353741508,0.00982533918367358
