"","W2","W2_ws3","W2_ws4","W2_ws5","W2_ws6","W2_ws7","W2_ws8","W2_ws9","W2_ws10","W2_ws11","W2_ws12","W2_ws13","W2_ws14","W2_ws15","W2_ws16","W2_ws17","W2_ws18","W2_ws19","W2_ws20","W2_ws21","W2_ws22","W2_ws23","W2_ws24","W2_ws25","W2_ws26","W2_ws27","W2_ws28","W2_ws29","W2_ws30","W2_ws31","W2_ws32","W2_ws33","W2_ws34","W2_ws35","W2_ws36","W2_ws37","W2_ws38","W2_ws39","W2_ws40","W2_ws41","W2_ws42","W2_ws43","W2_ws44","W2_ws45","W2_ws46","W2_ws47","W2_ws48","W2_ws49","W2_ws50"
"1",1,NA,NA,NA,NA,NA,NA,NA,NA,NA,NA,NA,NA,NA,NA,NA,NA,NA,NA,NA,NA,NA,NA,NA,NA,NA,NA,NA,NA,NA,NA,NA,NA,NA,NA,NA,NA,NA,NA,NA,NA,NA,NA,NA,NA,NA,NA,NA,NA
"2",2,NA,NA,NA,NA,NA,NA,NA,NA,NA,NA,NA,NA,NA,NA,NA,NA,NA,NA,NA,NA,NA,NA,NA,NA,NA,NA,NA,NA,NA,NA,NA,NA,NA,NA,NA,NA,NA,NA,NA,NA,NA,NA,NA,NA,NA,NA,NA,NA
"3",3,NA,NA,NA,NA,NA,NA,NA,NA,NA,NA,NA,NA,NA,NA,NA,NA,NA,NA,NA,NA,NA,NA,NA,NA,NA,NA,NA,NA,NA,NA,NA,NA,NA,NA,NA,NA,NA,NA,NA,NA,NA,NA,NA,NA,NA,NA,NA,NA
"4",4,0.707106781186548,NA,NA,NA,NA,NA,NA,NA,NA,NA,NA,NA,NA,NA,NA,NA,NA,NA,NA,NA,NA,NA,NA,NA,NA,NA,NA,NA,NA,NA,NA,NA,NA,NA,NA,NA,NA,NA,NA,NA,NA,NA,NA,NA,NA,NA,NA,NA
"5",5,0.683337169667519,0.0861013870767069,NA,NA,NA,NA,NA,NA,NA,NA,NA,NA,NA,NA,NA,NA,NA,NA,NA,NA,NA,NA,NA,NA,NA,NA,NA,NA,NA,NA,NA,NA,NA,NA,NA,NA,NA,NA,NA,NA,NA,NA,NA,NA,NA,NA,NA,NA
"6",6,-0.613121792368787,-0.938978306109644,-1.1034912577704,NA,NA,NA,NA,NA,NA,NA,NA,NA,NA,NA,NA,NA,NA,NA,NA,NA,NA,NA,NA,NA,NA,NA,NA,NA,NA,NA,NA,NA,NA,NA,NA,NA,NA,NA,NA,NA,NA,NA,NA,NA,NA,NA,NA,NA
"7",7,-1.22556902695994,-1.74524214059461,-1.70972819756976,-0.405130984674166,NA,NA,NA,NA,NA,NA,NA,NA,NA,NA,NA,NA,NA,NA,NA,NA,NA,NA,NA,NA,NA,NA,NA,NA,NA,NA,NA,NA,NA,NA,NA,NA,NA,NA,NA,NA,NA,NA,NA,NA,NA,NA,NA,NA
"8",8,1.48114184001115,2.5311595375698,3.35893627827124,2.2667772727882,7.42017352575657,NA,NA,NA,NA,NA,NA,NA,NA,NA,NA,NA,NA,NA,NA,NA,NA,NA,NA,NA,NA,NA,NA,NA,NA,NA,NA,NA,NA,NA,NA,NA,NA,NA,NA,NA,NA,NA,NA,NA,NA,NA,NA,NA
"9",9,-0.805021427840182,-0.723695135909803,-1.89243323428359,-1.00648847894608,-3.74221859201231,-2.76807889368536,NA,NA,NA,NA,NA,NA,NA,NA,NA,NA,NA,NA,NA,NA,NA,NA,NA,NA,NA,NA,NA,NA,NA,NA,NA,NA,NA,NA,NA,NA,NA,NA,NA,NA,NA,NA,NA,NA,NA,NA,NA,NA
"10",10,1.33629001477847,1.11478649125945,1.29354081498844,2.60535912936207,8.52776900375315,2.56728795176738,29.8238874106868,NA,NA,NA,NA,NA,NA,NA,NA,NA,NA,NA,NA,NA,NA,NA,NA,NA,NA,NA,NA,NA,NA,NA,NA,NA,NA,NA,NA,NA,NA,NA,NA,NA,NA,NA,NA,NA,NA,NA,NA,NA
"11",11,-0.354075034806408,-0.323308760652393,-0.411469892639899,-0.336588179530447,-2.86419333497104,-2.91153802813125,-12.6722288661926,-9.34771726768774,NA,NA,NA,NA,NA,NA,NA,NA,NA,NA,NA,NA,NA,NA,NA,NA,NA,NA,NA,NA,NA,NA,NA,NA,NA,NA,NA,NA,NA,NA,NA,NA,NA,NA,NA,NA,NA,NA,NA,NA
"12",12,0.626327283402868,0.390726180486308,0.574670506506343,0.627441322451182,1.03833388073797,0.81824798486669,4.98619806466018,0.621392993962438,2.76481461727749,NA,NA,NA,NA,NA,NA,NA,NA,NA,NA,NA,NA,NA,NA,NA,NA,NA,NA,NA,NA,NA,NA,NA,NA,NA,NA,NA,NA,NA,NA,NA,NA,NA,NA,NA,NA,NA,NA,NA
"13",13,-1.82297566705708,-1.57032476830439,-1.88503116560793,-1.79151547432757,-2.1486757967399,-8.7229367860595,-5.64771117028745,-5.49210641389854,-3.51803709031882,-2.64456738112381,NA,NA,NA,NA,NA,NA,NA,NA,NA,NA,NA,NA,NA,NA,NA,NA,NA,NA,NA,NA,NA,NA,NA,NA,NA,NA,NA,NA,NA,NA,NA,NA,NA,NA,NA,NA,NA,NA
"14",14,0.603928697475105,0.467796701694052,0.616095667471048,0.672290028318573,0.751263112390794,1.26841288670178,1.70387336467979,1.64974765795302,2.48364126060707,2.35270069574654,4.18829142690825,NA,NA,NA,NA,NA,NA,NA,NA,NA,NA,NA,NA,NA,NA,NA,NA,NA,NA,NA,NA,NA,NA,NA,NA,NA,NA,NA,NA,NA,NA,NA,NA,NA,NA,NA,NA,NA
"15",15,0.285037213208955,0.197318508535251,0.273597919109378,0.328446205201163,0.332568229868413,0.332445055759667,0.555871311936988,0.512086235861413,1.34732398562725,1.30954579052096,2.98419181722785,-1.75502416363434,NA,NA,NA,NA,NA,NA,NA,NA,NA,NA,NA,NA,NA,NA,NA,NA,NA,NA,NA,NA,NA,NA,NA,NA,NA,NA,NA,NA,NA,NA,NA,NA,NA,NA,NA,NA
"16",16,-1.80533944562659,-1.76777660779685,-2.21755644854312,-2.1192715520811,-2.46450913177166,-4.27293224816187,-3.39264646195469,-3.944812758379,-5.08950149808765,-5.58986114800294,-7.10768279576028,-12.8529131686377,-26.09517245613,NA,NA,NA,NA,NA,NA,NA,NA,NA,NA,NA,NA,NA,NA,NA,NA,NA,NA,NA,NA,NA,NA,NA,NA,NA,NA,NA,NA,NA,NA,NA,NA,NA,NA,NA
"17",17,1.02864737927103,0.993277102379085,1.31755833710891,1.36044502106173,1.54302211518249,2.34241654434849,2.34896486765639,2.42177822438655,4.38634384923545,3.01972090956999,8.0142441118833,6.98055416226212,6.91120452481873,5.23442537487723,NA,NA,NA,NA,NA,NA,NA,NA,NA,NA,NA,NA,NA,NA,NA,NA,NA,NA,NA,NA,NA,NA,NA,NA,NA,NA,NA,NA,NA,NA,NA,NA,NA,NA
"18",18,-0.594881892149151,-0.638108168298455,-0.740386613626742,-0.695911090826173,-0.863919107763029,-1.64568181863333,-1.16094184400328,-1.44700765988181,-1.4706080526843,-1.07829369757582,-0.68199658661591,-3.95609113153054,-1.99762400013538,-0.614897631185306,-25.3440558186154,NA,NA,NA,NA,NA,NA,NA,NA,NA,NA,NA,NA,NA,NA,NA,NA,NA,NA,NA,NA,NA,NA,NA,NA,NA,NA,NA,NA,NA,NA,NA,NA,NA
"19",19,0.949550783084592,0.863771352049895,1.14915997368855,1.27503057156774,1.51342337849447,2.32814323416278,2.3293921443562,2.43477035583647,4.08415108623742,2.93891332522914,3.52783064494855,2.86511880813146,6.64517874518607,5.83382026090802,21.0112353982352,21.2410996296885,NA,NA,NA,NA,NA,NA,NA,NA,NA,NA,NA,NA,NA,NA,NA,NA,NA,NA,NA,NA,NA,NA,NA,NA,NA,NA,NA,NA,NA,NA,NA,NA
"20",20,0.803762579817177,0.709013531912441,0.80737860727323,0.911976433688591,1.17543261212821,1.4094326216944,1.85290435897439,1.98350744479745,3.25947069096672,2.40564079060273,2.52226832368014,2.31135580035762,2.06890711394196,3.80851250603505,2.69518342251486,3.56532205100379,-0.286275276262308,NA,NA,NA,NA,NA,NA,NA,NA,NA,NA,NA,NA,NA,NA,NA,NA,NA,NA,NA,NA,NA,NA,NA,NA,NA,NA,NA,NA,NA,NA,NA
"21",21,-1.31305962665598,-1.28378433973246,-1.25455139567241,-1.11005450292106,-1.38499105188429,-1.95340735595847,-1.68606847223584,-2.8475749916221,-3.53220005877372,-2.91041123119745,-2.57573021761873,-3.1797459182765,-3.13732286924128,-2.40447545163151,-5.97281724105245,-4.66862955320009,-4.8667416837149,-3.80244116535762,NA,NA,NA,NA,NA,NA,NA,NA,NA,NA,NA,NA,NA,NA,NA,NA,NA,NA,NA,NA,NA,NA,NA,NA,NA,NA,NA,NA,NA,NA
"22",22,0.954872336554404,0.90238220731214,0.918401736792861,0.857096579930054,1.01465450064005,1.28356088614227,1.32709423788754,1.89640062955872,3.11918922316087,2.54847080618629,2.59862684086704,2.29950513445154,2.57153044645309,2.26888367582541,2.40612375017423,3.45906829208676,2.50125030600797,3.61781869495699,4.97203723043352,NA,NA,NA,NA,NA,NA,NA,NA,NA,NA,NA,NA,NA,NA,NA,NA,NA,NA,NA,NA,NA,NA,NA,NA,NA,NA,NA,NA,NA
"23",23,-1.45510807733115,-1.51289074995659,-1.47776794804725,-1.31776246157606,-1.60436140890902,-2.18418696348178,-1.99521947804816,-3.05971867358924,-3.77497089883978,-3.58401815308306,-3.24620091891351,-3.89404994877733,-3.88167388667882,-3.14216928271321,-6.04492690043647,-4.94267319269441,-7.01225069879169,-6.91883285044401,-5.46824543916601,-11.7775183344165,NA,NA,NA,NA,NA,NA,NA,NA,NA,NA,NA,NA,NA,NA,NA,NA,NA,NA,NA,NA,NA,NA,NA,NA,NA,NA,NA,NA
"24",24,0.231031238342457,0.192461109180821,0.229500605957057,0.235261305111831,0.269028562964524,0.276304779753074,0.372334581246853,0.461234765476915,0.864637971203984,0.780275887811353,0.97728375740713,0.66754062803283,0.880579248127308,0.879301656629447,0.526471017137043,1.04768260417246,0.70680632209453,2.30721856106703,4.55314993446435,3.55734207659077,21.6382530431489,NA,NA,NA,NA,NA,NA,NA,NA,NA,NA,NA,NA,NA,NA,NA,NA,NA,NA,NA,NA,NA,NA,NA,NA,NA,NA,NA
"25",25,-0.336438019181424,-0.335046215084659,-0.321761036815211,-0.282673603016772,-0.351764139279632,-0.527829144316209,-0.399813079971659,-0.616897041521438,-0.582397753160625,-0.570344690182634,-0.421981036051829,-0.849035621784158,-0.714427926325372,-0.5168156429935,-1.55151914901195,-1.01742320066833,-1.41250418428041,-0.894715207007611,0.274343790359087,-2.63611779210702,6.22540491564932,-262.14869424746,NA,NA,NA,NA,NA,NA,NA,NA,NA,NA,NA,NA,NA,NA,NA,NA,NA,NA,NA,NA,NA,NA,NA,NA,NA,NA
"26",26,0.0117803620417877,-0.00975149563504278,0.00928256621964285,0.0344294009625784,0.0296811231314618,-0.0291485029448358,0.073842636915617,0.0341630393287539,0.235524325979652,0.228516633227964,0.371256332095078,0.0934394843244778,0.273331633992667,0.352021527517443,-0.174512141512006,0.291633755089036,0.021441676536272,0.817065154792424,1.82819605096109,1.86085561504116,15.7075195482474,14.1453209736646,5.26867289735816,NA,NA,NA,NA,NA,NA,NA,NA,NA,NA,NA,NA,NA,NA,NA,NA,NA,NA,NA,NA,NA,NA,NA,NA,NA
"27",27,0.92413538723889,0.843086875324638,0.880502386085958,0.851428908059439,0.974461582415448,1.27582582378757,1.31459481514488,1.68117708894228,2.17744846289865,2.07374447173189,2.31124307247488,2.31010133154951,2.64322142550371,2.69606753983762,3.46492952682118,3.84900708763039,3.75197791012513,5.4188261456997,6.65300671668135,5.70557888789218,27.8796418864624,44.5228390841336,29.3017116126928,58.8367143244205,NA,NA,NA,NA,NA,NA,NA,NA,NA,NA,NA,NA,NA,NA,NA,NA,NA,NA,NA,NA,NA,NA,NA,NA
"28",28,-1.10600263667967,-1.03697424161969,-1.02883792592625,-0.967623441906113,-1.17619663068686,-1.53274950459692,-1.52036809537389,-2.07879962591347,-2.2993689999548,-2.21636561135325,-2.16694534185417,-2.76778970263672,-2.93356685491137,-2.76895469813643,-5.0612324853375,-4.59292274856034,-5.10123517102108,-5.65036707330365,-5.64977160958795,-6.50938932945784,-9.61562755537087,-13.9395014285279,-14.7054501170746,-14.8969855022128,-18.1027158699675,NA,NA,NA,NA,NA,NA,NA,NA,NA,NA,NA,NA,NA,NA,NA,NA,NA,NA,NA,NA,NA,NA,NA
"29",29,-1.44203675812862,-1.28837262986732,-1.29920926068111,-1.21869199643496,-1.40567075028502,-2.01547442752839,-1.73536394376441,-2.73061626574745,-3.12356180964915,-3.00975862110014,-3.00140179906754,-3.74444885929698,-3.97993227909626,-3.70219420083906,-6.39052470670477,-5.40277820201857,-5.73838120783597,-5.83019310607395,-5.34488787318139,-7.21065345397373,-5.94236801935403,-17.4962981315183,-6.32379163897608,-6.37522520681924,-5.48252243030615,-1.44986487087179,NA,NA,NA,NA,NA,NA,NA,NA,NA,NA,NA,NA,NA,NA,NA,NA,NA,NA,NA,NA,NA,NA
"30",30,-1.42220248700423,-1.19376961709397,-1.18094022998251,-1.13868357021303,-1.24360493381473,-1.5589830366125,-1.69199809878256,-2.02958891455114,-2.99570068797801,-2.98513531047064,-2.97913465921678,-3.66268028393967,-3.9962156197282,-3.65152764236964,-5.48817098488745,-4.9706276478105,-4.91082934237485,-4.74646648880842,-4.22077207671146,-5.16760307495461,-5.01354440502162,-6.26559778371085,-6.17891445098749,-4.29675562865012,-3.90079583807879,-1.23713666903267,-1.20501765473403,NA,NA,NA,NA,NA,NA,NA,NA,NA,NA,NA,NA,NA,NA,NA,NA,NA,NA,NA,NA,NA
"31",31,1.08630327259647,0.899646247078965,0.894404301737067,0.891277360574418,0.958889039196219,1.08587907720558,1.26188167378774,1.64499569439212,2.11004839711543,2.7143351649018,2.98656851466235,3.19626621080786,3.78160825983538,3.75005998783008,4.63446546783689,4.66284576497282,4.57458190831403,4.94544784349967,5.29205679459834,5.53538406834429,6.72095095154048,7.53946048722639,7.52360062638754,7.18677745335725,7.78134135729916,14.1997105186156,89.886149325511,27.7984929386387,NA,NA,NA,NA,NA,NA,NA,NA,NA,NA,NA,NA,NA,NA,NA,NA,NA,NA,NA,NA
"32",32,-0.202776038717468,-0.18251477502854,-0.158624476713243,-0.132579147123859,-0.144399274671683,-0.194361370595392,-0.148973514865524,-0.207615967733828,-0.180056125715244,-0.174749543557019,-0.13956954349409,-0.372765921002633,-0.288275782653402,-0.186475825915235,-0.667003185011039,-0.315839773435014,-0.400202613972759,-0.0882481979779655,0.249632539575323,-0.0496684630141372,0.483003420312994,-0.0192291118893303,0.325158465796507,0.292309049362187,0.729499620977258,2.79599959586569,5.77354269082644,-0.271219522970143,-14.8118096043729,NA,NA,NA,NA,NA,NA,NA,NA,NA,NA,NA,NA,NA,NA,NA,NA,NA,NA,NA
"33",33,-1.49384441671288,-1.29091564279732,-1.2332728013776,-1.12683080054521,-1.15611826860957,-1.30133377796747,-1.32588386807585,-1.54020934946673,-1.80632745830326,-2.25241290979887,-2.28720949615323,-3.62532501489421,-4.06587871023126,-3.85579341503773,-5.36365800839187,-5.00114121148631,-4.73354852077685,-4.34972704682137,-4.03733863293791,-4.58943262576063,-4.30660724855801,-5.10741054471526,-5.22608825700701,-5.32375179911324,-5.525156616283,-6.30154594182547,-10.7719528464431,-15.4981396761503,-21.8175319934609,-54.2541607683795,NA,NA,NA,NA,NA,NA,NA,NA,NA,NA,NA,NA,NA,NA,NA,NA,NA,NA
"34",34,1.37924213651604,1.210075759246,1.18716286898943,1.12119531469038,1.13988853856051,1.21521429375239,1.32464534287618,1.4882773937762,1.84052677436439,2.2175068024607,2.63459968949773,3.11533241919291,4.43537512534071,4.46493259787513,5.37864723580023,5.61905324450703,5.3247108512301,5.46102829153151,5.63815982240651,5.96499106843502,6.49052243361555,6.62180020874544,7.45071876347314,7.74386037934581,9.38902761929358,14.7356228940175,14.0386176290763,26.9635885826485,23.2957749393423,37.6960477455083,17.8435912284418,NA,NA,NA,NA,NA,NA,NA,NA,NA,NA,NA,NA,NA,NA,NA,NA,NA
"35",35,-1.3721167996435,-1.22734343601148,-1.20310711234679,-1.10273212261659,-1.12370128735806,-1.25234504533963,-1.25536050706553,-1.43866225804312,-1.61893753740089,-1.90392241751588,-2.12191669303546,-2.91711826995774,-3.40631585298109,-3.78259575048027,-5.16488531816042,-4.89270865234969,-4.80359837541111,-4.40554683676018,-4.08154860452507,-4.77247736665752,-4.43747448728448,-5.23198569997237,-5.46687380341086,-5.6917274954484,-6.50639810942238,-7.18021383106955,-8.35318515542401,-6.80624710439616,-19.5092149361019,-12.2442374036055,-8.79168442474037,-15.4669773093119,NA,NA,NA,NA,NA,NA,NA,NA,NA,NA,NA,NA,NA,NA,NA,NA
"36",36,0.120736399724853,0.0939817888818849,0.109331701160696,0.12227774655578,0.122186647399354,0.110925710638418,0.164685264736746,0.168329532608318,0.267574253537816,0.317398693235749,0.422542276862989,0.41486908585934,0.627263590649295,0.727817570651959,0.722675173143206,0.979341315737924,0.880808782560692,1.12191809251989,1.34988726473247,1.2752745577013,1.71595582158247,1.4558780142538,1.90920612940616,2.04306365603403,2.68826005756255,4.70068533494007,3.82551351913031,2.45508138392866,1.03501037171616,4.22964750590415,3.92452119304394,0.80173656865626,13.3340293982706,NA,NA,NA,NA,NA,NA,NA,NA,NA,NA,NA,NA,NA,NA,NA
"37",37,1.35101752382576,1.1774308888654,1.15131442683907,1.13268835300097,1.16743366762713,1.25082563393432,1.35258560575592,1.52676500115541,1.84545729907485,2.15392840210851,2.49316260246828,3.03423229947419,3.94640777407141,4.24672082775553,5.31876139316923,5.97500180479826,5.70348149909515,5.8169258486677,5.84661127907367,5.88562720052479,6.56512157214848,6.73393016616762,7.12689502462297,8.34587679112507,10.0682059348126,13.0752900748584,11.4354902569496,8.4098719759815,7.39252564975397,6.92791339119706,10.7768159112361,9.59402744304129,18.222500646364,9.1425499417101,NA,NA,NA,NA,NA,NA,NA,NA,NA,NA,NA,NA,NA,NA
"38",38,1.31233175828716,1.11734724877575,1.14635638562615,1.08987590513672,1.13487802818697,1.22669135538232,1.32809353749901,1.47836265709413,1.82885191430236,2.13379944391844,2.46678206913485,2.99008001590556,3.85883493870201,4.18184911916793,4.99976343707053,5.7866560958665,5.52270542359066,5.60175835092904,5.62416654960131,5.53714688401335,5.60533750123014,5.76631588015008,6.24691526239591,6.16913420727871,8.37777092322876,10.3987693387008,8.91212748679484,6.97671383306662,5.56465853142963,6.03776130872809,5.11698724309162,6.47916315580458,10.0238064120398,4.71496490004705,0.0899549503873782,NA,NA,NA,NA,NA,NA,NA,NA,NA,NA,NA,NA,NA
"39",39,1.15378701141522,0.967223368950468,0.964076524059284,0.976296308776178,0.997667253958137,1.06562050702749,1.16351916140657,1.28827768896941,1.5690938838443,1.89507597757725,2.21353453424121,2.66912574049129,3.44991621378872,3.74317221094656,4.41243327465451,4.54664692870424,4.9105854306206,4.72982192734373,4.75110549261521,4.60632258891325,4.6039713852572,4.13984217761918,4.46433409779213,4.55083817334634,4.70358824466776,6.70765424992749,6.11715672784337,4.86951243624054,3.90683387088786,3.99518076663177,3.85119250960666,2.46013089295319,5.2315162221153,1.82148684660808,-0.673364759760907,-0.619319697745847,NA,NA,NA,NA,NA,NA,NA,NA,NA,NA,NA,NA
"40",40,-1.15080997992112,-0.996905527756152,-0.976789664994433,-0.929973373702451,-0.99528316848892,-1.07952623681053,-1.09727833488789,-1.25129184581641,-1.4023716894655,-1.65281855386778,-1.93638859164434,-2.61734759164156,-3.22123711991972,-3.40603942869445,-4.53445441549935,-4.20574147754114,-4.11604648292337,-4.29441902908675,-3.73132945824336,-3.96473048410882,-3.59265987802721,-3.63385844454729,-3.3670382393857,-3.54801226379886,-3.69660636863007,-3.53499786589046,-4.57829399735845,-4.9526371725958,-5.38309564838832,-4.81891524953733,-4.94800440989179,-6.48301568897209,-5.80768078352283,-11.1881766802283,-13.6060063532282,-14.6366134800274,-16.0818319064448,NA,NA,NA,NA,NA,NA,NA,NA,NA,NA,NA
"41",41,0.163289036263762,0.13048800408477,0.139785401742434,0.147793924276376,0.148390072397034,0.141959854754701,0.181471373678886,0.18625381184608,0.269089718347125,0.311737782663963,0.404479679817044,0.429444588612638,0.626131773740054,0.719456185351859,0.645229158308337,0.790465075984279,0.664472740036777,0.790190228125876,0.997383897482521,0.764294834457563,0.923992922054022,0.660828641683044,0.671104937424775,0.599187642972943,0.646992851552439,0.88299699995773,0.694940482759766,0.43265978209146,-0.0470916153343379,0.248572247203463,0.123534188392876,-0.661149481096787,-0.144435289134699,-1.32296465159374,-2.692901407135,-1.77272120240507,1.2823901294425,12.650092568677,NA,NA,NA,NA,NA,NA,NA,NA,NA,NA
"42",42,0.361547031299755,0.300018886600302,0.305096715762634,0.306757414070003,0.312643359241811,0.321427294637649,0.36875517543734,0.393628023777604,0.493689958556093,0.574448822551488,0.699523039879325,0.784011482127472,1.16316108350234,1.32846972240565,1.40370258645564,1.52331970701822,1.34986881571279,1.4107681339982,1.4743253136077,1.40057078356095,1.46304580007722,1.19444330425952,1.16656196205598,1.05647657625463,1.03390991847749,1.24838094062259,1.11129969128696,0.85974387175575,0.595808702414104,0.854315453603806,0.748398802096495,0.105007145950386,0.614814719589549,-0.407848770089246,-0.789648139991193,-0.0481290927285377,3.12855764787919,13.8089469691991,8.41131473671227,NA,NA,NA,NA,NA,NA,NA,NA,NA
"43",43,1.2263201209208,1.01687953482302,1.0031958319039,0.965370127856074,0.986371030835956,1.04639210233325,1.11060190170764,1.2527166651605,1.49632836231475,1.67669865861641,1.97127237448276,2.33744472868059,3.04478725858232,3.91153931610985,4.81365968989256,4.80659312608942,4.43781625650103,4.31166179090522,4.13794066036319,3.8528702338297,4.1610858021635,3.63504768095969,3.45717029143331,3.21013181532193,3.07414484168674,3.13295155274069,3.08460767751497,2.98281355237738,2.82359044817761,3.46718515668906,3.5020583664544,3.12877983965494,3.87590698190574,3.18951404156713,3.36644928378911,4.55380445779599,13.4031993194539,30.3928994347125,64.6794411746186,30.0780424227065,NA,NA,NA,NA,NA,NA,NA,NA
"44",44,-1.65669856240889,-1.43545947377874,-1.33367947608203,-1.24786157014345,-1.24977382080467,-1.33786836466881,-1.33871688391562,-1.49439840689204,-1.7267819016735,-1.99447372563112,-2.25064173123159,-2.85018533212231,-3.40267080969067,-4.11527026345621,-6.34435062384824,-6.43691402847109,-6.10434270767862,-5.63971978099015,-5.14997667263927,-5.04160534195988,-4.72101395344463,-4.97944008944117,-4.50519386798127,-4.28788309876941,-4.10191123633147,-3.83136100499865,-3.8823185373294,-4.34495666973264,-4.96888188088673,-5.05125582204626,-6.08612410369653,-7.34185026621992,-7.70671769588768,-9.30807849824224,-10.9771769869175,-12.73518939644,-14.1589368946564,-46.0914415976071,-196.190386621758,-144.470205517416,-118.827815059117,NA,NA,NA,NA,NA,NA,NA
"45",45,0.984253513980229,0.841876525296176,0.798444235506077,0.764338274722749,0.757469283613284,0.780444977255292,0.824445018190554,0.896202769803509,1.0941446377231,1.25618426876992,1.48592977011871,1.69686946129864,2.07938612436734,2.53053136016297,3.24770060832844,3.94996059145807,3.77104821848695,3.69215983193408,3.57884131813434,3.26327066987925,3.25119530002009,2.95902206731962,2.91258600630382,2.66424312944589,2.57462851834065,2.61758532163085,2.42028536501463,2.2505906911874,2.16854577513315,2.48519210526894,2.63551986878022,2.72471831158156,3.51251477239425,3.08996644906618,3.42198261054634,4.94467920904869,7.80218705765648,11.0925558756436,81.4319653489855,64.6172569122113,62.1126320209983,66.9479455739564,NA,NA,NA,NA,NA,NA
"46",46,-0.579319531320733,-0.500899108119607,-0.454721016602083,-0.422984759680976,-0.425372118795855,-0.462506401479922,-0.4445313390658,-0.49967385525258,-0.544008994957866,-0.617784635170188,-0.681697633333255,-0.899153072101345,-0.992317096314897,-1.1266249165989,-1.54717516916951,-1.62215819066454,-1.91322421741561,-1.83661439796567,-1.59276891966578,-1.65593914687968,-1.46667977644195,-1.52570385822401,-1.38435628845228,-1.42659875346141,-1.33328364239877,-1.18406956053106,-1.2697534770719,-1.45763944534808,-1.68640005587935,-1.65492015661702,-1.88382782816195,-2.39945130621115,-2.79310592002879,-3.83391948571667,-4.47397906399056,-4.63910819198833,-4.34320383016111,-4.52835576813469,-4.10268383107238,-6.88030129227954,-5.53966813444473,-1.33072436151966,-5.26874511274849,NA,NA,NA,NA,NA
"47",47,1.06560757778235,0.909135167118042,0.844804369387698,0.813226800141327,0.809829934987893,0.834047868979078,0.874926025254374,0.943800986017977,1.12959770477285,1.27227197150646,1.48084867434826,1.72265178210031,2.01742138380531,2.28163841878287,2.6847982933397,3.05221425405349,3.24017637296798,3.77538822870168,3.70555046322211,3.39552592687983,3.39469846068508,3.02354523932127,2.80476644571542,2.67651187365286,2.6611760474832,2.65829902151675,2.48656449636326,2.32126581490362,2.11726075686511,2.27481847499144,2.43912445201521,2.31596000773387,2.95381178598016,3.24153778592508,3.646341319026,4.80802277039157,6.2952522366138,9.2689975854226,5.86258019351355,6.17594707215692,9.1969381337385,11.0391728724221,5.47222849125652,17.4612279858207,NA,NA,NA,NA
"48",48,0.997834544846995,0.82836756897343,0.780358039442455,0.752722497686674,0.749349140538,0.773050573495848,0.810278063199428,0.869018226451619,1.02713545087288,1.14016195564482,1.30038354468379,1.46064039080562,1.6805663675653,1.88094475793327,2.0793409863192,2.36083341511254,2.44290287591659,2.77522032843586,3.12392972223612,3.01001269891001,3.00469135844979,2.68960712140401,2.51768097163932,2.36291098161727,2.27654193638061,2.42065488131085,2.21287783339952,2.05582842639532,1.86366192321696,1.98764320225674,2.00778291049926,1.88694743111448,2.3933611212524,2.23106258807467,2.88004445868414,3.8716245488307,4.90773695449917,6.79112878164796,4.41628496630053,5.07253605722845,4.24669293280385,8.05142949667882,3.89484736869805,10.3499858234788,-0.281499644349252,NA,NA,NA
"49",49,-0.643512474013127,-0.551156834705338,-0.493678585038139,-0.465833245606528,-0.470941722025461,-0.510359603351137,-0.496803511775821,-0.549897975088069,-0.591758706037838,-0.651143028633945,-0.69361733604986,-0.849032177359806,-0.908244154081433,-0.976269299695383,-1.2054528180677,-1.24947162189796,-1.37091041906668,-1.39961640473313,-1.46625035411515,-1.73530978182647,-1.65555463571171,-1.70168624834668,-1.56858058670633,-1.5356877296789,-1.4634560099567,-1.37159304468928,-1.49543106039,-1.63959502875719,-1.83511059421015,-1.75700035113967,-1.87783254750241,-2.22974068184653,-2.36900563363039,-3.06249473036976,-3.68237305643131,-4.69789410822811,-4.86583648811572,-5.05071053735544,-5.12268525572739,-5.84922294152692,-5.42647369388059,-4.45061479978619,-10.6184314512068,-19.7279435939994,-18.4395998937616,-192.496027870818,NA,NA
"50",50,-0.846435259682382,-0.724060348549478,-0.653370364247914,-0.60942251391599,-0.616199575746811,-0.661871656794113,-0.651798481084333,-0.717351316753488,-0.776167962460508,-0.845061408434657,-0.891145687531661,-1.04913831832725,-1.1078781834289,-1.17372738677972,-1.39200147425225,-1.44468915092044,-1.5692640816019,-1.63484514880096,-1.69172830616378,-1.96052394923777,-2.06913174861547,-2.16360116327509,-2.00225860835348,-1.95570025382773,-1.87029680575252,-1.75687685117067,-1.83685404537537,-2.05506152185557,-2.20944060784931,-2.13891804112001,-2.26623929898543,-2.60371130385729,-2.66689567637036,-3.3363263045278,-3.9820889979688,-4.38924264097416,-5.50011704019706,-5.97888639618604,-5.87003683465973,-6.64074876116878,-6.03360664644442,-5.5314760700699,-8.15855429483148,-22.8771992179739,-20.0283347522441,-90.0037813649576,-19.5806521251342,NA
"51",51,-1.64641432596859,-1.42675504442094,-1.30707581403349,-1.22783668284491,-1.22169240107283,-1.29879645130238,-1.3027927281924,-1.41874576164282,-1.56429836014523,-1.68715255570803,-1.78075711265341,-2.00190242324013,-2.10070024853914,-2.20682124025704,-2.48005635154722,-2.59312954620398,-2.77929072106781,-2.94370142563966,-3.12405794534158,-3.44314326557857,-3.73646913715438,-4.09532017151296,-3.9420408111506,-3.82019582555808,-3.66072228263222,-3.53046004036755,-3.55220670667433,-3.74965317105013,-4.03716139938732,-3.9353078212407,-4.12340812383939,-4.5241847505134,-4.73731879872333,-5.37215864723553,-6.30741366304705,-7.18553371809721,-7.95252829276241,-10.8666582922091,-10.4660248182886,-11.6831494545227,-10.859821353955,-10.6610156568995,-14.1606934910632,-18.0747735621312,-34.3796557284938,-98.5680613995504,-108.623122679731,-118.253176299731
"52",52,-0.195816250177416,-0.175772268556841,-0.153786888481608,-0.135887936652328,-0.137888892095724,-0.158739645192194,-0.138641247522783,-0.160066668934108,-0.14936903320749,-0.162083130086307,-0.151716685537429,-0.21210209443122,-0.200816990877551,-0.19590907583877,-0.278293970816048,-0.247665725839585,-0.284334125715445,-0.251758460732727,-0.21509680828214,-0.303419934780915,-0.253006333029011,-0.372120867681107,-0.3495541433312,-0.359722325053195,-0.336567043569419,-0.246026515686809,-0.322123730877327,-0.453089545200322,-0.610068167311573,-0.520068016141899,-0.566420275593555,-0.799047931604024,-0.686010345260066,-0.997181137238567,-1.1516096273693,-1.0609883351526,-0.820804996545855,-0.473368869222849,-1.06800307506281,-1.07493493066492,-0.719235630178119,0.426337688751027,-1.17182635506029,0.429833852971171,-0.349268622106738,6.16694576277582,17.8127753892721,19.6537507333529
"53",53,-1.53174539230844,-1.31381608816409,-1.20676626240984,-1.12592250674097,-1.12161474459483,-1.20831226069864,-1.23769951043422,-1.34789276494919,-1.48481989582291,-1.60094651908154,-1.68457310245334,-1.88835631789569,-1.9665940694305,-2.05059303645772,-2.28332764579089,-2.3634663837409,-2.51771929488331,-2.63698502713788,-2.77116332209182,-3.06378539036704,-3.29392064103154,-3.59005589463552,-3.61428722641922,-3.59972085829752,-3.45235480305304,-3.32966675917695,-3.35473505565517,-3.52526060736987,-3.74790628684207,-3.73842032576421,-3.87187752605746,-4.27074043051555,-4.47034487433961,-5.04641675030512,-5.74604774465218,-6.55677244081847,-7.3183474850003,-8.80661744718126,-9.90392098230209,-10.5505138516192,-9.46047527707275,-9.07947390003949,-10.9087766140066,-11.5970898333486,-10.4025653977836,-18.911983068414,-5.58996839398629,-4.53593192636063
"54",54,-0.16369655256688,-0.143433865859674,-0.124521426372564,-0.107924179441765,-0.108901334258009,-0.127747302545285,-0.110868923523298,-0.131631074275874,-0.11723585621771,-0.126434727810972,-0.113295874598666,-0.167836035898156,-0.153637678279075,-0.145024080113352,-0.218807096274835,-0.18348015046156,-0.212669705813224,-0.173754656605658,-0.130985843054984,-0.20445029542557,-0.146007267339499,-0.249543561289162,-0.22251886373628,-0.233385162051215,-0.213405520742482,-0.122336317169941,-0.192053890116485,-0.309804459108775,-0.450505352875635,-0.353277829222364,-0.382517952107505,-0.584363732237417,-0.453732335083513,-0.718333176012086,-0.813132857014922,-0.650720455524366,-0.333283585521346,0.162668318482643,-0.295786301808323,-0.121631008966278,0.218123054506536,1.2033979285345,0.288459889973806,1.49030993608699,1.27999964101732,3.53188379283602,6.36409676314562,5.41635622053672
"55",55,0.825259376484691,0.688951528204835,0.633946410407009,0.6049924622819,0.596733386611021,0.620457745786635,0.672130724875433,0.733544647136912,0.875839799638932,0.944156376001653,1.02710950612732,1.07999317932559,1.1627621963416,1.24047057693996,1.28071827074348,1.39351658709907,1.44753288192353,1.59146870194382,1.74846741866257,1.8176958966619,2.06510434496134,2.10678688829225,2.18715263783417,2.16006019533942,2.11899538293287,2.21048695615765,2.10808427708629,2.02818593172892,1.94423228308674,2.10547594882129,2.15551846418181,2.07551322722481,2.43996082708188,2.43036419878753,2.76650352479661,3.62375978020179,4.73691689762653,6.69742014604048,6.70618107142516,7.45553134589975,6.96636034933606,7.81729380276,7.0020921065592,8.44286596338723,8.06522362799166,11.2646329711052,11.9933509549295,12.3907335817245
"56",56,-0.243905693517745,-0.211612805187705,-0.184779786276278,-0.163317400356785,-0.16319014047018,-0.183474985599218,-0.170201590453357,-0.196711475400183,-0.196890508924924,-0.219165900447618,-0.213232408791707,-0.276411519451157,-0.269404819407449,-0.268273294264057,-0.351989644620621,-0.325714358675755,-0.361822642966944,-0.333895882073008,-0.303754326428584,-0.386420640347131,-0.348683000392714,-0.459810299101533,-0.443612477657147,-0.459142195382946,-0.436933513625624,-0.355449726780243,-0.426295086427602,-0.546187671589981,-0.690048708982443,-0.606788477734942,-0.646882153041558,-0.858647600892046,-0.762976787587108,-1.03708006275594,-1.20059478970357,-1.13957953920646,-0.955386009594779,-0.710243936272416,-1.23501230201545,-1.19761081649839,-0.805917859808365,0.0166809449417093,-0.84209200304605,-0.045971342476824,-0.273725737798984,1.01623256575062,2.58992609568541,2.44208789925819
"57",57,1.05233509923467,0.870481683224746,0.813982344590419,0.765062697263243,0.747216294551929,0.77439659564956,0.82544775171564,0.897920611206406,1.05733077929432,1.16819482494446,1.30182339457256,1.38072230074265,1.47858829688858,1.57155822311151,1.64297213684614,1.77836752505108,1.85187291366295,2.01127698015884,2.180638106888,2.26768631539878,2.5279915227683,2.58483851893905,2.67195439224469,2.66939679515983,2.63967945892915,2.72623628352876,2.65163208916296,2.61471745657584,2.54730868401882,2.71992008646951,2.7848176109031,2.74116153889405,3.17229984099124,3.19812171597911,3.60958675984729,4.69613037130642,5.95332109646504,8.19102066239924,8.45833044154216,9.39789648866735,8.75726838777698,9.51618502287383,8.43545425816859,9.29102541926386,8.93447004253598,11.4290193687708,12.6719252557435,12.5189512827703
"58",58,0.768106172346308,0.633008924352071,0.590595820162741,0.560987492551262,0.549598160437137,0.565636034440706,0.607106481260934,0.656654005135886,0.777252778824364,0.860690701062811,0.95962108559932,1.01810161925693,1.09529127983274,1.1672947691435,1.20481717405394,1.31472642689412,1.3641505578808,1.49231372942426,1.62459322546963,1.66757132845229,1.86652562080419,1.8799558069602,1.93857701831835,1.93589016213148,1.91511650798548,2.00829539473785,1.93494031885292,1.87857588615461,1.8185229546294,1.96696621118855,2.00580452481987,1.92438066286579,2.26568330465856,2.22851258557076,2.51276132456141,3.27783681062131,4.32879532608829,6.05922261459895,6.13078438326919,6.85595091318402,6.26829882608638,7.05408584227996,6.12862080168316,6.61670569833334,6.55590899124382,8.47472534218059,9.72029688172012,9.54865284340189
"59",59,-0.930235331056941,-0.781936410111624,-0.705453540505617,-0.645230931643988,-0.645665601691386,-0.700830637291481,-0.707899857825992,-0.784846973526391,-0.87008184235585,-0.965294335636612,-1.03811465085348,-1.18875156072201,-1.23459776599473,-1.28746088156284,-1.45635273329002,-1.49575956052799,-1.59639755670149,-1.64299206357269,-1.68482223155301,-1.83932575483218,-1.9089404184055,-2.08170511358075,-2.09311700581912,-2.11643740915492,-2.08562690798,-2.03206779543996,-2.11696981306581,-2.28342981196511,-2.49380317274482,-2.53211885913463,-2.65591451968835,-2.95888364483117,-3.08306425508869,-3.54746719449892,-4.02612899589453,-4.48938101116105,-5.190624211453,-6.23912875389482,-7.26138329587572,-7.90395584647576,-6.7619681570139,-5.65666681287864,-6.50464177296697,-6.01119891414125,-5.771937618988,-6.72185404612849,-5.81974930903619,-6.06239061090983
"60",60,1.05320361368937,0.880190829620519,0.808217398576837,0.755430512502956,0.750001963976376,0.792027864093759,0.842883013890728,0.91415563613948,1.06929639821108,1.18157997403248,1.31151186131165,1.41087129377993,1.50271727801305,1.61005730900147,1.68726500929972,1.82381129913673,1.90250777301665,2.05955046103967,2.21706795576699,2.28287538894353,2.5029958930891,2.53058310173457,2.58447487334565,2.57652652145754,2.54920834623946,2.64104891457433,2.59052925003965,2.57645981953011,2.55256420459495,2.77220428184787,2.89790293345404,2.86981068225001,3.29928602936299,3.35749458382924,3.78597406800288,4.72716781563244,6.16299564325426,8.14453439024553,8.75841439368472,9.75848620723728,8.78563029123825,8.74812346730388,7.83341706623072,8.61871237972782,7.82053346639626,10.0576305299567,12.8429406815025,12.5907794386523
"61",61,1.2260176412039,1.01094302246912,0.927481913177521,0.870047268134052,0.864935201560724,0.912696743113436,0.972384674999287,1.07243123945737,1.25270779106835,1.38457975333281,1.53360203240297,1.65733616407532,1.76056281198185,1.88361275956297,1.97648806528784,2.125859304239,2.22051611358058,2.39430979679212,2.56878346111311,2.64347816624683,2.86634346664579,2.87880399703112,2.9118358444124,2.88885720897883,2.84625755114148,2.92086089998709,2.86870462166585,2.86183876990716,2.88151157568212,3.0948666837407,3.23851832180516,3.33994426432609,3.8442431233424,3.94818147155399,4.4456185928479,5.49229255557673,6.97077394559071,8.46454786665909,10.1305748057483,10.6409289979669,9.56689779225104,9.4559575600975,8.4465791733855,8.28737622331261,7.75180951359604,9.56996999625114,9.65652241228999,11.9456632915746
"62",62,-0.88356998223487,-0.744192188827534,-0.664794234607048,-0.610191541619544,-0.610985011581827,-0.662639807270159,-0.67402430680404,-0.758213907978839,-0.855766147076274,-0.949692728223774,-1.02243292467569,-1.17499979346692,-1.21460174135994,-1.28015054623504,-1.43939363165259,-1.48254640794859,-1.58366842532117,-1.63416777988993,-1.68128633235021,-1.82687305484993,-1.8774517479568,-2.00631809806913,-1.98324069355443,-1.9831994511697,-1.9392091390191,-1.8807359171616,-1.94182809743337,-2.09403374674634,-2.30246436180357,-2.35263623872782,-2.49779444934287,-2.87075917230357,-3.12423929163074,-3.61864054819826,-4.10483899459661,-4.63151289113994,-5.32692458839763,-5.78984806792402,-7.22131505270481,-8.13068406101622,-6.93043652484136,-5.98802183555322,-6.4424631131444,-5.60130080683357,-5.28147249615187,-5.53199514209583,-4.82577026981506,-5.39459386315836
"63",63,0.598485806864281,0.493491259577667,0.451952069289545,0.422704566165265,0.418037806850346,0.434720483299619,0.472153276594314,0.514875693912822,0.62163672060974,0.700106278771609,0.784786411272652,0.828102049291098,0.887936582914556,0.956216503528399,0.974631002547149,1.06709692965797,1.10568110545058,1.21319227969409,1.32261591535709,1.33424180761126,1.47004670827234,1.42817618145417,1.43349622647954,1.39616372645948,1.36397864738861,1.41370298716804,1.34975187117686,1.29202845632119,1.24449768607888,1.38391229345063,1.44344840998264,1.40977627668332,1.73336665351361,1.75736855231535,1.99585597704065,2.5834607269582,3.43303075116973,4.29379000981361,4.56674803923867,4.88896476118829,4.79938147007095,4.87189634463243,4.08671351002271,4.18496529798787,3.57270473654327,4.20360780627562,4.61518562731047,4.72053647414349
"64",64,0.0877607311421021,0.0671348785679763,0.0659534211574883,0.0678540249329986,0.064563280157791,0.0581135025616256,0.0780435444258598,0.0779057892867747,0.113524267906907,0.126306877533013,0.158422509661447,0.134395086347973,0.159385097327733,0.181314034850486,0.137926420650247,0.183918534297052,0.173193449026672,0.22523996596315,0.278950978013164,0.236628632442723,0.306121911629212,0.237124056900331,0.250458354539234,0.23005289646927,0.225558763357811,0.277046531950114,0.217798811792512,0.135847182966086,0.0420710500825396,0.111712034346799,0.095601574009618,-0.0384518969241861,0.0809763728861251,-0.0940765013298395,-0.125023582815582,0.065844514341161,0.365418293071147,0.742696172693951,0.467234944314629,0.532468618428948,0.600368872570397,1.04353514351734,0.392137902875985,0.716390839929982,0.451285117908579,0.879569283467645,1.21937023596475,1.09281594236035
"65",65,-0.692462531277317,-0.585638108549477,-0.521201116945995,-0.472597355327197,-0.471309922103337,-0.505695687813415,-0.509342594800838,-0.570258921402872,-0.632924697545813,-0.711813867954297,-0.779704109612763,-0.928317464696738,-0.957238605129881,-1.00535838517899,-1.14097703216386,-1.16654700820877,-1.25029965892882,-1.28045536245742,-1.31272651403229,-1.43670264629021,-1.46752063083295,-1.5787269458165,-1.54756680192866,-1.53000042250416,-1.47238668825642,-1.39461612386719,-1.43179101948361,-1.53497698294001,-1.67827699731016,-1.68659328846392,-1.79957060503191,-2.08726704282326,-2.23989451214995,-2.66643525392563,-3.14102238271309,-3.70354798141063,-4.28395029163145,-4.6084791854589,-5.70668313756065,-5.93916235688512,-5.24258515578315,-4.54397304726044,-5.18518251011331,-4.44084877968446,-4.1801214794374,-3.94473387816056,-3.22024954568108,-3.37611814537841
"66",66,1.23738479536722,1.04210342255583,0.943935306379004,0.874943305635772,0.859545445279145,0.89935216884688,0.945896079072629,1.0306150101992,1.20291291170414,1.3435633964278,1.50900689871196,1.67516189373296,1.83222558851947,1.96093595230469,2.0578955940865,2.20894854062989,2.30639973596292,2.48477496868906,2.65901451297659,2.74553014730711,2.9629227546354,2.9630502094417,2.95123073094978,2.87641861733073,2.77192009049388,2.76615651126841,2.66133722251051,2.60616087066402,2.58611290573803,2.74825805589718,2.85972976604136,2.96352211247675,3.43938091461372,3.69106015343626,4.25453639393379,5.41034210451228,7.28038097331392,8.85595886669162,9.84281507414115,10.3706042156926,9.52883184751072,9.34831208128063,8.54895040583446,8.68826960328368,7.55750915782239,8.19023044262131,7.8703934702931,7.56657733805492
"67",67,-0.173057589197268,-0.152236727855211,-0.131542157308232,-0.114797943527859,-0.115738928411248,-0.131746301619356,-0.120489045965233,-0.139476950234326,-0.137135970787525,-0.154597079735075,-0.156144684850955,-0.214547968361711,-0.215552115684099,-0.224241677483615,-0.298097052800188,-0.277980022202889,-0.312560011148095,-0.291060895692238,-0.268723671486545,-0.336837447480333,-0.306112041391151,-0.387888226221468,-0.370134287497881,-0.378554698856499,-0.362650234745024,-0.30500139578204,-0.352093042358238,-0.432400002298746,-0.530693728094074,-0.490199397232915,-0.531761082849822,-0.691845632969027,-0.667716805098579,-0.897438998692293,-1.05351509752556,-1.09145316031195,-1.1427886905811,-1.14767669881353,-1.72223904465571,-1.77185940649717,-1.51214731510181,-1.03991484143735,-1.54242977239773,-1.15697263251181,-1.25678169461604,-0.937522821427707,-0.513677565664615,-0.68532206859176
"68",68,-1.64598252630447,-1.40363993335186,-1.25601236323471,-1.15716834155623,-1.15037503644986,-1.22853528390146,-1.2563379377855,-1.38326800372291,-1.54190438221445,-1.70870586529166,-1.86956431202481,-2.14026894381263,-2.29220488777389,-2.49394358924591,-2.81842579510973,-2.9340175358911,-3.10331547634034,-3.23816376661478,-3.37561931139544,-3.61024496565815,-3.76748891114039,-3.96506129759341,-3.91617816796427,-3.85602304309111,-3.71278934438703,-3.58262986329402,-3.55481764597309,-3.63593896273556,-3.78213996883253,-3.83379167079332,-3.99954807936325,-4.38453507207264,-4.73704408755327,-5.37556953119717,-6.19026721448275,-7.27551850125304,-8.69111343108693,-10.3732849315026,-13.6514139033003,-14.6949395308564,-13.2788356189096,-12.1410252865112,-12.2925440908413,-11.3006715361832,-10.3828236230647,-10.6312885498852,-9.3411986217164,-9.31646319657792
"69",69,1.12755646460753,0.960891491820128,0.86843941620795,0.810718737397062,0.801699134006658,0.840249468223772,0.888798822808785,0.960258554274491,1.11269826467047,1.21966734580416,1.35029459769495,1.47661832348836,1.6048755837441,1.75567875762484,1.89107992285921,2.09398044025766,2.18127111158091,2.3416584444689,2.50591223426105,2.58127718031498,2.79623017481639,2.80291773420706,2.81129542654309,2.74513666465339,2.65021032836815,2.64408092851939,2.53617022132503,2.4622406257725,2.41380804395134,2.52883447487306,2.59678516167531,2.64768143274014,2.99814042521096,3.14292721654728,3.56563821736783,4.37456728951667,5.55151622406257,6.76985162019571,8.06766231092145,9.81531314817645,9.36330247658808,9.22507893385405,8.46077378042046,8.31835496850615,7.33790199857036,7.8716107103502,7.79709176237612,7.4289124815706
"70",70,-1.0046651499254,-0.866427100124374,-0.779213543078527,-0.715265711803851,-0.711393192152006,-0.76343603882126,-0.776593957055071,-0.853643621528741,-0.939435380544568,-1.04100423680839,-1.11300605055831,-1.27025033296906,-1.34458584307516,-1.44628157311321,-1.6391538114338,-1.74929332486506,-1.92739483699898,-1.99542748274062,-2.06267683195919,-2.2184362171543,-2.30172972294011,-2.44551933511172,-2.41407390041698,-2.39059236842489,-2.30276981118389,-2.20591713034605,-2.20916573512915,-2.28522908451789,-2.3970689277977,-2.39078520569591,-2.47361191176315,-2.7188345196393,-2.86396613613406,-3.23292577270814,-3.62441274606481,-4.0708249108936,-4.68079092917068,-5.30813327413028,-6.47944717875597,-7.5658007238308,-8.09103080460644,-7.52107011406981,-7.79929355329633,-7.09866489249739,-6.56346273117815,-6.36062681021753,-5.52425472004467,-5.76047782361657
"71",71,-0.0481899327279108,-0.0466859318160557,-0.036716840053073,-0.0275970647996294,-0.0294291504133982,-0.0405329035838244,-0.0259684920286088,-0.0356810342286851,-0.0191752038405732,-0.0221186722693036,-0.00986392163733128,-0.044166525091968,-0.0314721735776806,-0.023571933737769,-0.073817709200793,-0.0463047917775014,-0.0678665436131092,-0.0357378642884899,0.000844315683963183,-0.0500816817250126,-0.00184448712375335,-0.0705186568640309,-0.0546362963608519,-0.0667487135526233,-0.0604769934930263,-0.0101544136494439,-0.0587479189638913,-0.131057648027256,-0.213097461535813,-0.160714978979022,-0.179929299421535,-0.291721854863412,-0.223611938039533,-0.361252994523086,-0.403534340294924,-0.326283949869876,-0.213729263127256,-0.0603322887590163,-0.283303813405257,-0.282048647576186,-0.213295820028375,0.122424518835582,-0.348994986094697,-0.0349311746739852,-0.174758368574139,0.148943186207866,0.447949469007778,0.303401541196025
"72",72,-0.585230395117131,-0.504448535355505,-0.449335464731124,-0.413185066894682,-0.411110777840532,-0.444307212773249,-0.445335993040047,-0.49098863807628,-0.530332797153293,-0.58646599514457,-0.625112190258243,-0.722072779043899,-0.748229546330641,-0.793645028711162,-0.912807961353473,-0.950731323916133,-1.04989599115883,-1.11916222496383,-1.16226846681624,-1.26813579475544,-1.29232629208905,-1.3972504733242,-1.37258577458768,-1.37091014547009,-1.30941532260663,-1.24420667462587,-1.26688899047653,-1.34002250484184,-1.43777273348178,-1.41016117834306,-1.45979137455423,-1.63196965915363,-1.66652890970357,-1.90326355389876,-2.09932600192032,-2.2443441867274,-2.42253171741618,-2.57339460246534,-3.1551052311687,-3.55575995243495,-3.70609243295569,-3.72057525122917,-4.48651646733467,-3.98558955930886,-3.7465918247158,-3.5089416966288,-2.89018870973634,-2.96192155338015
"73",73,-1.37627163570192,-1.17758489184002,-1.05821101886347,-0.980891040099042,-0.980621719607964,-1.04252315752492,-1.06364080203988,-1.15898861380038,-1.27161320812276,-1.39525867041534,-1.54284338492901,-1.74178702744881,-1.83028253435574,-1.94878442677348,-2.16488974641893,-2.29627351778421,-2.50886804420912,-2.71863248057056,-2.88274363308654,-3.10314935737736,-3.22080813469058,-3.37267960426753,-3.32876678465038,-3.29722724990293,-3.1838652650531,-3.07540732293506,-3.0930248235936,-3.16795302172297,-3.29004348688854,-3.29960099281432,-3.39499235309542,-3.66138217843518,-3.85131979723766,-4.23231274174372,-4.64673976655797,-5.098180194746,-5.66634775469753,-6.16616735976695,-7.1865669125984,-8.04476926028322,-8.65341122572609,-9.0390968869813,-10.1785361166201,-9.97218824561266,-9.13345865507693,-9.03241111184822,-7.93884927015477,-7.89885854732321
"74",74,-0.914015919504289,-0.769789111308629,-0.696106913297726,-0.644561922208364,-0.643666765620429,-0.690988773295029,-0.695918377307781,-0.757241577769839,-0.819962452524235,-0.892722253989256,-0.974016495282976,-1.14365493625158,-1.20580280091159,-1.28221129034655,-1.4347275728873,-1.50529463870251,-1.6467777028285,-1.76879474371341,-1.85737752347026,-2.0186841132291,-2.09688233432402,-2.20454231557121,-2.16581536401034,-2.14372565178028,-2.06487942841987,-1.99520436387,-2.00709056235013,-2.10189866874361,-2.20678840202096,-2.19390602058077,-2.26025616769438,-2.46697820784388,-2.56687751159676,-2.85642369359178,-3.12748167642689,-3.37451320972404,-3.67345299403893,-3.90571196488981,-4.53072195447044,-4.99486015257673,-5.29295405079077,-5.52979706208198,-6.29492729649027,-6.08447415864609,-5.88625240269712,-5.6781401365805,-4.8864744036734,-4.90117679850484
"75",75,0.599348064043329,0.493541876472263,0.451500130151088,0.432507460632456,0.430134724564717,0.446938100613659,0.477060121646091,0.505502335569831,0.577587732574391,0.625445878738016,0.700646974156594,0.762621652294005,0.854087015716414,0.934582654777029,0.971061471163082,1.06965272870316,1.14005753185019,1.28527949833155,1.41356920778753,1.45065477390413,1.59756015910256,1.5884338206431,1.58138074092893,1.54588413514131,1.49796657221906,1.52912069104228,1.4740115317655,1.41782001150959,1.38301435385972,1.46903237176068,1.49545469440521,1.47597957274461,1.68192598771418,1.69414774985555,1.86117059549049,2.20863695599413,2.64785460638016,3.07549802170073,3.24491608669389,3.57902537970647,3.89929403666039,4.53067248687957,4.59938694808385,4.90571277178276,4.58070510839771,5.22859095287671,5.09543038148124,4.90825137209968
"76",76,0.593880838025758,0.488431239745239,0.447967474923855,0.426763978834016,0.42642329381245,0.443347230723798,0.47312234419121,0.501137743419127,0.570888154172003,0.617391609004338,0.690299021801579,0.748390891218126,0.83645377662051,0.920564779131151,0.96026997802357,1.06050299954753,1.12441473606759,1.25911288024458,1.38092923894546,1.41449983110724,1.55231683379788,1.54802267137117,1.56448176976807,1.52139550835948,1.47242090031649,1.50041710146015,1.44292301690059,1.39701166746439,1.35151340519451,1.45280965137757,1.4784659355459,1.45854564790826,1.66115109538539,1.67185380913383,1.83789607700443,2.18019735711639,2.60004860515781,2.99148435827428,3.11508000126134,3.3872152560033,3.61496679549225,4.13262824385264,4.14101885308021,4.5587795500335,4.24313875181401,4.81974505761985,4.9862446356148,4.81832167984522
"77",77,-0.429878721005619,-0.360401038696155,-0.321838919751781,-0.294727529891534,-0.296178135027035,-0.322476588281361,-0.318159956201181,-0.346755020659959,-0.362495690064015,-0.390692934291829,-0.413606869973751,-0.490401877302512,-0.519227397163523,-0.550364677621963,-0.657329190788384,-0.691023790723336,-0.751919323056149,-0.788308126612424,-0.80570620756105,-0.896092588324899,-0.905236962125219,-0.998748490180327,-0.983746678760868,-0.963848401534762,-0.918443625576217,-0.859642845641735,-0.891690586788736,-0.963555084260689,-1.06304448039098,-1.03194439967745,-1.09353585285917,-1.23830519599393,-1.24485161494492,-1.4371178750019,-1.57182732718683,-1.63912356955924,-1.70425899874842,-1.71193825115864,-2.02149645065934,-2.1360187497124,-2.15518746220978,-2.05168589104852,-2.52660200488636,-2.39214261228379,-2.41457211073763,-2.28357783297143,-1.93763248067168,-2.03823049117764
"78",78,-1.5765260923347,-1.30996902282142,-1.18470887856067,-1.10351926021045,-1.10215337445781,-1.16969423696413,-1.19759445500273,-1.28704902747066,-1.38955462694997,-1.49388104958082,-1.6000833461592,-1.79369466362655,-1.91742232998415,-2.03340497612223,-2.27006549730853,-2.58243404526317,-2.87954790095158,-3.07640809853445,-3.30681808001747,-3.54467813156465,-3.7225555602743,-3.91751418312421,-3.90566112400162,-3.79504143125738,-3.57899434548967,-3.45177315609277,-3.44524966924408,-3.52604463660832,-3.68437844291539,-3.75645369605557,-3.88696092490228,-4.28327384954755,-4.50968028393944,-4.91250974807405,-5.35453632846542,-5.84010154468526,-6.46526456060835,-6.99625828034216,-7.87220338756283,-8.45599971251521,-8.75750564374287,-9.08230351739728,-10.0665787637252,-10.230681688782,-9.9758485279986,-10.3848864957503,-9.82518671035324,-9.88573288670014
"79",79,-1.48353204796791,-1.21894646084704,-1.11347841401958,-1.03829584353466,-1.03598007371896,-1.09627969601227,-1.11469396648209,-1.19791295072563,-1.28866956674654,-1.37710701444793,-1.47198600810965,-1.6283658673367,-1.72274513388139,-1.8082907925224,-1.9867716327878,-2.19842847049336,-2.58295775560573,-2.89675546399,-3.05728025904638,-3.35637871874472,-3.53060398119121,-3.71721119410088,-3.70348427223406,-3.59985508333249,-3.39292035624025,-3.2178310584456,-3.18648317553916,-3.25160828359172,-3.38156956765707,-3.42831260086754,-3.59137184112037,-3.88093098887396,-4.21919401830265,-4.57861949964904,-4.96376293130005,-5.36943106746786,-5.8711214786156,-6.36696277460652,-7.24617648002374,-7.89624846048955,-8.23781993116795,-8.56297947071512,-9.51535849917243,-9.66546890119443,-9.42196180114805,-9.78552118013398,-9.24647192651996,-9.30581783457277
"80",80,-0.780061080923737,-0.631345170878497,-0.573612875424678,-0.536895014659297,-0.536428157841278,-0.569289354692423,-0.571426115131321,-0.610723578662415,-0.647670652756618,-0.690298835632464,-0.727568146742096,-0.814629281200732,-0.846307997638603,-0.876999118869927,-0.968249168569466,-1.03819480505253,-1.18593620081584,-1.39091006809328,-1.53277294962417,-1.67206098363059,-1.77531102426596,-1.90088703504076,-1.88514699983812,-1.83510895841997,-1.72669590221564,-1.61469997587853,-1.59384786040182,-1.63885709748623,-1.72564395567527,-1.71588495311838,-1.79120805226392,-1.99403329368899,-2.07837872329987,-2.37990550287236,-2.56265270767907,-2.7020691622127,-2.86685742444833,-3.00895797922507,-3.49626326503873,-3.83381001984926,-4.02380397580141,-4.08844382037558,-4.70382258122018,-4.66056131448982,-4.5783100642185,-4.60131134218657,-4.18659604281982,-4.26678191281509
"81",81,-1.12967395861868,-0.918120673421809,-0.828799606265232,-0.777264787760683,-0.781440872970621,-0.826422421548658,-0.834582409364999,-0.888419853595598,-0.942283860952261,-1.00239553783613,-1.05941287394622,-1.16769467794078,-1.22032523735629,-1.26106104485131,-1.36805437784788,-1.4652765503893,-1.64128189383967,-1.88262265285757,-2.17703038155283,-2.47393902581888,-2.61382381941516,-2.81770088915788,-2.80723388902911,-2.72930337714427,-2.57169530520768,-2.42806404985807,-2.37736998425745,-2.38914585557129,-2.47139754010955,-2.47168080581894,-2.56423377594745,-2.800053404698,-2.98583829595304,-3.30435510854537,-3.67543338047998,-3.9045666741499,-4.18447074829376,-4.44203787329533,-5.04934511254462,-5.57697803844866,-5.96907482711408,-6.27726372678672,-7.10690401520851,-7.18973030782132,-7.02307668425347,-7.20035034027281,-6.71785824809539,-6.78335268414405
"82",82,-1.42570652144887,-1.14892908173933,-1.05253330421643,-0.97805916014437,-0.983501468347346,-1.04492688998348,-1.06026241130943,-1.12354713435104,-1.19587126697891,-1.25809040837753,-1.32996446278922,-1.45236030727703,-1.513284581792,-1.57083642198779,-1.68067151258707,-1.78887230102508,-1.97407656094365,-2.21249247666691,-2.47691790838329,-2.97731204951829,-3.35446841708465,-3.53611653199721,-3.60480635730849,-3.51047775697233,-3.31116679034575,-3.13980441499152,-3.06511993974594,-3.06177499058165,-3.11079291952584,-3.101605845961,-3.20186170050832,-3.44913581923178,-3.67005257088903,-4.08950673572648,-4.42910216478992,-4.91442824595308,-5.2620668311847,-5.59871512715945,-6.28446993661716,-6.86917534389025,-7.41377368215942,-7.96988712980884,-9.08954074800013,-9.35659731275576,-9.16580071892742,-9.50471362880341,-8.96348455066022,-9.02040410133204
"83",83,1.34651571009109,1.08304628668889,1.00545177484668,0.948661395318964,0.955007473340967,1.00208118609727,1.04463000952285,1.09797753479932,1.20209895708304,1.26531395282538,1.35732868910793,1.44012579420024,1.52487192833595,1.59966898204389,1.65497138447058,1.80311273732423,1.96942089520885,2.25527618735078,2.57081677480519,2.99349800450326,3.47756386150511,3.64589167351938,3.72858078288931,3.65338157700473,3.46816029255451,3.3826170525597,3.23517200428903,3.13094377897822,3.07234431564635,3.14095488084061,3.216291497506,3.31738690870335,3.65972380765157,3.89527934179256,4.27460710464324,4.84622025879506,5.61388220740881,6.23462522976176,6.75326060684753,7.4424494920656,8.14460510661287,9.28965867518285,10.1501150694643,11.1202673946615,10.8195600288679,11.8763616268894,11.8525648952625,11.7260122363719
"84",84,-0.985182445281401,-0.801563220867937,-0.734903848296318,-0.683072682252076,-0.687836977404678,-0.732060688155623,-0.735794536259297,-0.780848425913417,-0.824619510725177,-0.865442597839838,-0.906519794922768,-0.98994074282607,-1.02682096329978,-1.06113337522461,-1.13864415801434,-1.19736011222938,-1.30732463890102,-1.43183625084464,-1.55787959234306,-1.80900336781935,-1.96647521718305,-2.19496734566224,-2.34705251353608,-2.27587082429218,-2.22376085083054,-2.11009564760603,-2.0731437365004,-2.08515183901565,-2.13300963854624,-2.09640191305369,-2.1207803849411,-2.26093704878239,-2.33809873017623,-2.56267181206578,-2.74668911875199,-2.95967812503414,-3.08137946620356,-3.43153781195725,-3.77781218959751,-4.00975730876785,-4.18433147785416,-4.30995192638592,-4.94461236116828,-5.18372413075129,-5.40477550082859,-5.60870406269053,-5.36011190711554,-5.46560535172939
"85",85,-1.03364210759172,-0.835359837529419,-0.771765917656243,-0.718291132015615,-0.723338022179772,-0.767669876090597,-0.770674126527203,-0.813651241882835,-0.858728130952606,-0.899256925625608,-0.93950404180618,-1.02013164177374,-1.05116899800165,-1.08534556240748,-1.15954884288484,-1.21288754898122,-1.31424800588368,-1.41718828365486,-1.51729111535422,-1.71384367986174,-1.81586119144253,-1.97250209838141,-2.17798584462646,-2.25226606136742,-2.1714476636753,-2.13473016150011,-2.10935091280905,-2.11963870246315,-2.16191084176957,-2.12471793855914,-2.1426583686043,-2.2490981699292,-2.283926448937,-2.4629256884277,-2.58952217645205,-2.73421859897993,-2.87329591539878,-3.02273104256606,-3.53374028117285,-3.67696575532139,-3.78057665311373,-3.81632297556722,-4.21789301516045,-4.37984877424256,-4.67519950933289,-4.93696202869039,-4.86769289363248,-5.04454928332769
"86",86,-0.026696980189481,-0.0241916766691855,-0.0171558195574271,-0.0100578822665476,-0.0106465244246922,-0.0173810234410244,-0.00403066794791361,-0.00835930010858934,0.00719813159316128,0.00825830957415648,0.0195489189073066,0.0018596592090697,0.0132291590962118,0.0216883072854575,-0.00145190706200048,0.0188091782348719,0.0137144539086645,0.0379871924919901,0.0640729260282908,0.0460755047470551,0.0806224906652603,0.0514180690296287,0.0698190804111445,0.0717235348632954,0.0816392536483901,0.119810235429901,0.0925475466145884,0.0489470006903248,0.0026065200183504,0.0464414377769179,0.0446029987654794,-0.00882268075216169,0.0522559223655142,-0.00255798918791268,0.00618596400779799,0.0813784370568083,0.171058312952643,0.275376748617201,0.234567066941301,0.293559483553094,0.353504269172299,0.50222404158848,0.391071483151539,0.543968928000724,0.543595484886202,0.777348822324868,1.01508280787174,1.0225862947123
"87",87,1.19306816588097,0.956749387345668,0.88888010574644,0.847069995789096,0.852655827718315,0.890928385724533,0.921774976302849,0.960265146549911,1.04018717830419,1.08441283488316,1.15412883466874,1.20351231218966,1.25824770675278,1.30523369932938,1.33178484378765,1.42851993452754,1.51616238154676,1.65884934283838,1.79163388450544,1.91178814915263,2.04265865871429,2.09510862340951,2.24867277419637,2.36622825122976,2.48942154279045,2.59967038369555,2.55613479690122,2.53660460553042,2.48915271941193,2.53416592059387,2.54213619750346,2.53316626893004,2.65613473856379,2.65703119273123,2.7449725998633,2.96315105421785,3.19886323447782,3.52664518577812,3.79576167058489,4.10863538032758,4.51844778308369,4.76698513690049,4.82979220962232,5.15050414974043,5.36473518162076,6.0222895133017,6.62136522036283,7.01578189097702
"88",88,-0.291547119456189,-0.234315854343455,-0.214374489769237,-0.196693570838229,-0.198908017459073,-0.215428072806165,-0.206210789040717,-0.219901137212766,-0.21872389832504,-0.226963473862128,-0.22825616211903,-0.260204462436105,-0.258955669904082,-0.259252397959868,-0.292000585551791,-0.288436356170085,-0.31303189663583,-0.315788199004038,-0.314443397337618,-0.360321404414928,-0.349708333016613,-0.392023755756714,-0.404113650805975,-0.425721486168719,-0.436949172651776,-0.422269804385346,-0.45754144272007,-0.498372678080326,-0.547548273924228,-0.508211053586325,-0.512702029421646,-0.572316138447685,-0.530116292263348,-0.592619204286056,-0.597072927699969,-0.559689787567378,-0.515216244573315,-0.477604202420181,-0.572619466960575,-0.598725355299421,-0.595962263153354,-0.522883872372071,-0.6559955022796,-0.574597862008444,-0.630199994198582,-0.544181626593545,-0.433528752888938,-0.502715934494022
"89",89,1.38657915594491,1.10913805756145,1.03459024062538,0.993594101889396,0.999398607710501,1.04618065003274,1.07889766703765,1.12391088934517,1.21258381665332,1.2604586280048,1.3321180027156,1.38758565868537,1.44995124157556,1.50043146684922,1.5309488403704,1.62800039864033,1.71474341399023,1.86073820788298,1.99104774175131,2.11057652787554,2.23408648078208,2.27713895947806,2.41270083164222,2.50891575919135,2.60510426754531,2.74030740029152,2.81957619276126,2.85726588686903,2.82207898614861,2.89488188652634,2.90401496136091,2.89564036405892,3.01747712544879,3.01977304154249,3.0786670912271,3.24615511128639,3.44145810693083,3.72051819980697,3.93974966631865,4.26950997079244,4.63062416525593,4.94520870744875,5.17012809581523,5.44360801096686,5.64553702332072,6.20851828040859,6.75687036957023,7.23678915816157
"90",90,1.16065434928064,0.925999724754522,0.868637302743752,0.833781375163395,0.843491350872439,0.882071856025835,0.911569695941843,0.948640607917863,1.02550305596598,1.06574775552467,1.12698032111443,1.1690704392376,1.21995894714992,1.26367554400991,1.28537024561624,1.36749270079182,1.43694294054174,1.55336116624813,1.66245305777687,1.75428782814109,1.85577619987111,1.8854762083712,1.98930576468335,2.06043305180007,2.13290348868088,2.23790086364969,2.28853122128781,2.33516917773179,2.34617727816638,2.39537158069937,2.42231973659761,2.40865179860401,2.51439408954469,2.50518384063718,2.55269625117815,2.69316381726015,2.83551628914008,3.04552498674509,3.19417370345375,3.42965486223147,3.69768201528189,4.00884684652048,4.08911440432026,4.46095696663042,4.60087559751198,5.04925436428081,5.48526234175617,5.81965711642324
"91",91,-1.45838452322684,-1.18268185388095,-1.08700818723709,-1.03596348872647,-1.04967034916298,-1.11844006915381,-1.12819506705759,-1.18393739414922,-1.24595100712331,-1.29430095180799,-1.34712749430459,-1.43635010772948,-1.47493584167909,-1.50866248568369,-1.58482503611638,-1.64537344178004,-1.74080988274359,-1.83510343452246,-1.91241598265342,-2.06086613737092,-2.12303343105892,-2.2136158647514,-2.30961676864155,-2.39060668355682,-2.45748166142275,-2.50749713270968,-2.60623535445675,-2.7306670705437,-2.85530201129755,-2.8857823981131,-2.90800085922562,-3.02613813028023,-3.04355501726575,-3.14326484272763,-3.18820924709521,-3.22949762059773,-3.25587052953241,-3.32349454973272,-3.55757247440135,-3.75659766417438,-3.95016005947899,-4.06766161584209,-4.40571979779345,-4.52971629545837,-4.89259553104747,-5.10093929950033,-5.27612320436167,-5.64703371578685
"92",92,-1.43840216677425,-1.16731850010688,-1.08449844267234,-1.02755554511313,-1.04115147550169,-1.10874638656408,-1.1232773935441,-1.1811178635428,-1.24277129046452,-1.29088728340002,-1.34362224489147,-1.43242573947328,-1.47049577265073,-1.50313998648569,-1.57663863222603,-1.63649188507928,-1.73034495363069,-1.8223460892404,-1.89650379447492,-2.03590810036628,-2.09754530835977,-2.1861432036152,-2.2783079338863,-2.35508650166018,-2.41500154301419,-2.46042538337906,-2.55230962762943,-2.66750954629916,-2.78334312172332,-2.81868526441147,-2.87191935588022,-2.97197991287938,-3.00657798126528,-3.10723158750457,-3.14987454935267,-3.18750646879944,-3.21119448437232,-3.27319411661136,-3.46843603022634,-3.63089523552938,-3.79824739088161,-3.88818356053224,-4.1888402821127,-4.34189699776928,-4.61354121796284,-4.93781689150697,-5.09322015208472,-5.43604778672904
"93",93,-1.50861605975481,-1.21065864012933,-1.13322216702042,-1.092098433092,-1.09975995804695,-1.16952725347798,-1.18617852913713,-1.25118672534917,-1.32150780760426,-1.37240206822256,-1.42920479128138,-1.52241916802656,-1.56353558295926,-1.59837786612764,-1.67430356655214,-1.7366951154836,-1.83525963454496,-1.93309937936602,-2.01168047884239,-2.15476667493822,-2.21513648742862,-2.30819467166435,-2.4053841039126,-2.48445981752174,-2.54512124393299,-2.58984357336939,-2.68159063948712,-2.7955223112984,-2.9089813054527,-2.94411403290825,-3.00070447268256,-3.13102463305402,-3.15561999862727,-3.27670107100732,-3.32495226195739,-3.36696550298136,-3.39369083244445,-3.46157948254597,-3.66088417445493,-3.79416128708771,-3.94068619410319,-4.02344423849871,-4.30558848114665,-4.44489955561837,-4.75711257178211,-5.01615189160706,-5.32683684505996,-5.6710256228378
"94",94,1.28328459377095,1.03439710700386,0.977031977049441,0.950491490171118,0.958510928562475,1.00267636535749,1.04103763406299,1.09081185302636,1.18397030141734,1.23450820024551,1.30461533407915,1.35671754609197,1.41308820823556,1.4585624066233,1.48633621422927,1.57514839254532,1.65121925353677,1.77602672270902,1.88438134487147,1.97968342222857,2.07973166204958,2.11176272679772,2.22143132756741,2.29006052502844,2.35615437091317,2.45063301182576,2.49148510699468,2.52939739937874,2.55704914482124,2.65153047608517,2.69595338323717,2.72718617428225,2.87387610145189,2.88133370076801,2.95618875734625,3.10591121823346,3.2493892468653,3.43311558287827,3.54192043374813,3.70527713080641,3.86817406936618,4.08721046814414,4.18481888731121,4.45840501250336,4.7026221086354,5.20460864868674,5.66945122245133,6.16014158601836
"95",95,-1.04497342379542,-0.85112410220251,-0.795704538866569,-0.763154815377696,-0.767481285061142,-0.817385976787797,-0.823051546042759,-0.868814015594752,-0.915834983077647,-0.956250312662635,-0.99405254272795,-1.06379668492652,-1.09003027042808,-1.11271562093849,-1.17197154786633,-1.20970634916002,-1.27708885836282,-1.33642505915059,-1.38410237988839,-1.48617433052107,-1.5174984988621,-1.58223438464047,-1.64046810423934,-1.6960459386931,-1.73508496260627,-1.75459741219928,-1.8171771347006,-1.89707543310028,-1.97903454729225,-1.98648706251465,-2.01956174360376,-2.11624683715935,-2.14230690121888,-2.25360269999826,-2.28704454690507,-2.31950585295055,-2.3232300377063,-2.35011617015328,-2.49515407542515,-2.57724158695219,-2.6367546709744,-2.61968287331948,-2.79311880284647,-2.83495388908552,-3.00687492674781,-3.14089060507992,-3.27884072904953,-3.53360010063079
"96",96,-0.437711048452672,-0.356798799140745,-0.332135287109183,-0.314943502008135,-0.316598648867093,-0.338884533139445,-0.336109526875734,-0.355825102204912,-0.365989793559981,-0.381667769545522,-0.391818250651811,-0.430098313619856,-0.434472799154184,-0.43929231482256,-0.475525101467286,-0.480381677572594,-0.510113466360309,-0.521933194356023,-0.527815687746665,-0.577883983915063,-0.575059599861737,-0.614375331015486,-0.629656768659595,-0.649804330294588,-0.661819450247157,-0.652270810506748,-0.687548243832494,-0.736205064550311,-0.787390229671563,-0.769027741032866,-0.781528274154703,-0.842604800648891,-0.822668802053062,-0.89169403477072,-0.910979778044118,-0.885455518665025,-0.856935794197349,-0.830738280280321,-0.908312785137563,-0.925680195302053,-0.927455046156586,-0.870344092225924,-0.96840845089904,-0.927876395143583,-0.99219151581495,-0.968538842003137,-0.936465835304429,-1.03371287868604
"97",97,-0.559749306886953,-0.456266634878172,-0.426114491636026,-0.405656084037698,-0.407161384806151,-0.43361678851364,-0.431770798109331,-0.459033212829475,-0.475267250829668,-0.495154857793696,-0.511209281874441,-0.557158797966775,-0.566956066661251,-0.575233336594182,-0.616099128017378,-0.627892553072343,-0.665102205969343,-0.686288252198589,-0.699737405212972,-0.758632039161333,-0.762395840963752,-0.806006998550125,-0.828862338838723,-0.85360338782214,-0.868837246781855,-0.866253044505257,-0.906381831317975,-0.959704976410947,-1.01419426385489,-0.999072954333488,-1.01408003601391,-1.07848719516389,-1.0655306880808,-1.13970513556943,-1.16534256560572,-1.15885251277862,-1.13538809293529,-1.12815867047139,-1.21942336242885,-1.248980822254,-1.26154595318075,-1.2128549113838,-1.31737611599893,-1.27736069516102,-1.3483814166417,-1.3462624305381,-1.33690203360872,-1.45548341686611
"98",98,-1.34989648866914,-1.09191864714266,-1.03769515741762,-0.997187334649516,-1.00167290870558,-1.05505034991422,-1.06643649819458,-1.1227660368227,-1.19606049236831,-1.24702624210017,-1.30115650348971,-1.39210056481662,-1.43403346746299,-1.46669117340151,-1.53737416297013,-1.59425617089599,-1.68124649455211,-1.76467580982656,-1.82813119571648,-1.95106748417632,-1.99423883347729,-2.06834893596718,-2.14178075228024,-2.20180429270881,-2.24671030277058,-2.27749061124206,-2.35357510796516,-2.44257698803263,-2.52696752261355,-2.53697487759451,-2.56849541415295,-2.66475931286998,-2.6987707884942,-2.81580834428503,-2.88675154059907,-2.94785985754457,-3.00950803239182,-3.07179314320222,-3.27367264818118,-3.38979782883531,-3.47520815879534,-3.4770840737904,-3.632971141937,-3.64865499684747,-3.77608197653792,-3.89880173741188,-4.03743512088822,-4.32406368691588
"99",99,0.955461402617644,0.77233117766803,0.742751224374746,0.723616168920584,0.726377471465793,0.756171860015839,0.784967671592374,0.819640691042174,0.895328927774694,0.940147501736702,0.996236682643948,1.03600741270924,1.08525575964887,1.1250224425158,1.14418837126771,1.21701749215215,1.27519101759941,1.37282870274933,1.45625352223535,1.52143581115643,1.59702137967082,1.61068173926275,1.68574963903639,1.72981121387166,1.77542188911185,1.8458912527809,1.86824264952326,1.88746692069831,1.89473472115884,1.96051079524443,1.98149042968666,1.98201702640566,2.08603513462322,2.10165722336451,2.16491416725718,2.30131570388816,2.44882926843975,2.63016474042318,2.71500149721539,2.86868202259865,3.00202443755926,3.14780622335485,3.14864731490803,3.29468598741716,3.37894008928805,3.61222374217462,3.88578277413069,4.10517416409534
"100",100,1.38385095949677,1.12525453923476,1.07876886108883,1.04998682575497,1.05744764610498,1.10376404481444,1.1400001755877,1.19258393485538,1.29601237797085,1.35908390980015,1.43701715991929,1.49480626185358,1.5598658520262,1.61377836874506,1.65449301686526,1.75600311706361,1.84163105460347,1.974201890352,2.08610092808242,2.18746088559576,2.28476924772908,2.31348233996562,2.41206815969945,2.4750952518698,2.53674112867732,2.62442956244631,2.66030528156922,2.69297710714137,2.72015915161097,2.8000644580713,2.8295838221534,2.84381366812054,2.96630736038221,3.00278408860179,3.08559767444612,3.25105051261323,3.42997540110998,3.65294267519853,3.82316997997989,4.01032243307064,4.21382037646701,4.39270652160013,4.42350118972015,4.5975032439721,4.72123593159871,5.01046087757713,5.29786062509714,5.56155935763748
