"","skew","skew_ws3","skew_ws4","skew_ws5","skew_ws6","skew_ws7","skew_ws8","skew_ws9","skew_ws10","skew_ws11","skew_ws12","skew_ws13","skew_ws14","skew_ws15","skew_ws16","skew_ws17","skew_ws18","skew_ws19","skew_ws20","skew_ws21","skew_ws22","skew_ws23","skew_ws24","skew_ws25","skew_ws26","skew_ws27","skew_ws28","skew_ws29","skew_ws30","skew_ws31","skew_ws32","skew_ws33","skew_ws34","skew_ws35","skew_ws36","skew_ws37","skew_ws38","skew_ws39","skew_ws40","skew_ws41","skew_ws42","skew_ws43","skew_ws44","skew_ws45","skew_ws46","skew_ws47","skew_ws48","skew_ws49","skew_ws50"
"1",1,NA,NA,NA,NA,NA,NA,NA,NA,NA,NA,NA,NA,NA,NA,NA,NA,NA,NA,NA,NA,NA,NA,NA,NA,NA,NA,NA,NA,NA,NA,NA,NA,NA,NA,NA,NA,NA,NA,NA,NA,NA,NA,NA,NA,NA,NA,NA,NA
"2",2,NA,NA,NA,NA,NA,NA,NA,NA,NA,NA,NA,NA,NA,NA,NA,NA,NA,NA,NA,NA,NA,NA,NA,NA,NA,NA,NA,NA,NA,NA,NA,NA,NA,NA,NA,NA,NA,NA,NA,NA,NA,NA,NA,NA,NA,NA,NA,NA
"3",3,-0.203115870587199,NA,NA,NA,NA,NA,NA,NA,NA,NA,NA,NA,NA,NA,NA,NA,NA,NA,NA,NA,NA,NA,NA,NA,NA,NA,NA,NA,NA,NA,NA,NA,NA,NA,NA,NA,NA,NA,NA,NA,NA,NA,NA,NA,NA,NA,NA,NA
"4",4,0.382905687350718,-0.427943282157606,NA,NA,NA,NA,NA,NA,NA,NA,NA,NA,NA,NA,NA,NA,NA,NA,NA,NA,NA,NA,NA,NA,NA,NA,NA,NA,NA,NA,NA,NA,NA,NA,NA,NA,NA,NA,NA,NA,NA,NA,NA,NA,NA,NA,NA,NA
"5",5,0.384653087794738,0.507762280202775,0.066193287654162,NA,NA,NA,NA,NA,NA,NA,NA,NA,NA,NA,NA,NA,NA,NA,NA,NA,NA,NA,NA,NA,NA,NA,NA,NA,NA,NA,NA,NA,NA,NA,NA,NA,NA,NA,NA,NA,NA,NA,NA,NA,NA,NA,NA,NA
"6",6,-0.272421539656741,-0.545853866511233,-0.844074687478804,-0.81880286586748,NA,NA,NA,NA,NA,NA,NA,NA,NA,NA,NA,NA,NA,NA,NA,NA,NA,NA,NA,NA,NA,NA,NA,NA,NA,NA,NA,NA,NA,NA,NA,NA,NA,NA,NA,NA,NA,NA,NA,NA,NA,NA,NA,NA
"7",7,0.0665043153484007,-0.201165207297913,-0.440807812821236,-0.687735381116623,-0.671472087131829,NA,NA,NA,NA,NA,NA,NA,NA,NA,NA,NA,NA,NA,NA,NA,NA,NA,NA,NA,NA,NA,NA,NA,NA,NA,NA,NA,NA,NA,NA,NA,NA,NA,NA,NA,NA,NA,NA,NA,NA,NA,NA,NA
"8",8,0.0972861715880045,-0.241167205206461,-0.405932504860318,-0.552722495769122,-0.749139100859128,-0.666444899303605,NA,NA,NA,NA,NA,NA,NA,NA,NA,NA,NA,NA,NA,NA,NA,NA,NA,NA,NA,NA,NA,NA,NA,NA,NA,NA,NA,NA,NA,NA,NA,NA,NA,NA,NA,NA,NA,NA,NA,NA,NA,NA
"9",9,-0.161378356889093,-0.205241450851151,-0.480137530386602,-0.623483678885793,-0.750716629421415,-0.928395637544872,-0.828796140091542,NA,NA,NA,NA,NA,NA,NA,NA,NA,NA,NA,NA,NA,NA,NA,NA,NA,NA,NA,NA,NA,NA,NA,NA,NA,NA,NA,NA,NA,NA,NA,NA,NA,NA,NA,NA,NA,NA,NA,NA,NA
"10",10,0.0111092251918831,0.109040480547349,-0.283593089695962,-0.496468624542509,-0.629029430903201,-0.747744453879893,-0.910208732309116,-0.817086077681188,NA,NA,NA,NA,NA,NA,NA,NA,NA,NA,NA,NA,NA,NA,NA,NA,NA,NA,NA,NA,NA,NA,NA,NA,NA,NA,NA,NA,NA,NA,NA,NA,NA,NA,NA,NA,NA,NA,NA,NA
"11",11,0.297536455622439,0.345292324404679,0.278319754284134,-0.409968356580065,-0.56378536808777,-0.68730537442445,-0.798670690557222,-0.948597653685168,-0.85656794386384,NA,NA,NA,NA,NA,NA,NA,NA,NA,NA,NA,NA,NA,NA,NA,NA,NA,NA,NA,NA,NA,NA,NA,NA,NA,NA,NA,NA,NA,NA,NA,NA,NA,NA,NA,NA,NA,NA,NA
"12",12,0.379416807629207,0.622290102084749,0.488195761129576,0.523427003963167,0.0145485368575587,-0.164107986559312,-0.161488102763048,-0.156407234163908,-0.216059124775784,-0.095289578480968,NA,NA,NA,NA,NA,NA,NA,NA,NA,NA,NA,NA,NA,NA,NA,NA,NA,NA,NA,NA,NA,NA,NA,NA,NA,NA,NA,NA,NA,NA,NA,NA,NA,NA,NA,NA,NA,NA
"13",13,0.305492789013053,0.640129953421969,0.731191369372914,0.501299028965325,0.651317006741671,0.195649971080965,0.0163657094859938,0.00881824371141617,0.00422122027134296,-0.0599258255374447,0.0436861257520626,NA,NA,NA,NA,NA,NA,NA,NA,NA,NA,NA,NA,NA,NA,NA,NA,NA,NA,NA,NA,NA,NA,NA,NA,NA,NA,NA,NA,NA,NA,NA,NA,NA,NA,NA,NA,NA
"14",14,0.383172327799079,0.628434130223592,0.889387611033823,0.882096848781223,0.602134459838567,0.770840230187859,0.364106410112715,0.180391379209969,0.16303740529036,0.149205691704631,0.0799055985907955,0.169408688881277,NA,NA,NA,NA,NA,NA,NA,NA,NA,NA,NA,NA,NA,NA,NA,NA,NA,NA,NA,NA,NA,NA,NA,NA,NA,NA,NA,NA,NA,NA,NA,NA,NA,NA,NA,NA
"15",15,0.376772223034296,0.368865903634736,0.580376810235533,0.805129241274285,0.800864708077965,0.550243381534621,0.688524830278076,0.233875450260209,0.0719378146597027,0.0594553760240343,0.0499653406185639,-0.0126240035331932,0.0765321451924678,NA,NA,NA,NA,NA,NA,NA,NA,NA,NA,NA,NA,NA,NA,NA,NA,NA,NA,NA,NA,NA,NA,NA,NA,NA,NA,NA,NA,NA,NA,NA,NA,NA,NA,NA
"16",16,0.376772223034319,0.7369346921051,0.656715166600239,0.818535902787516,1.00369388955553,0.954013817417035,0.679564142799586,0.815259580921027,0.368761558303641,0.204363984672823,0.185765097181867,0.170496837821886,0.104753072330201,0.184336142095375,NA,NA,NA,NA,NA,NA,NA,NA,NA,NA,NA,NA,NA,NA,NA,NA,NA,NA,NA,NA,NA,NA,NA,NA,NA,NA,NA,NA,NA,NA,NA,NA,NA,NA
"17",17,0.303612582227639,0.641964016344138,0.910273088810959,0.853789257089604,0.949176213765764,1.08000871897632,0.979536331540966,0.699911106740234,0.837101448282757,0.495548356074199,0.326884514956672,0.298317442630974,0.273658771802533,0.202381084526507,0.27000094930871,NA,NA,NA,NA,NA,NA,NA,NA,NA,NA,NA,NA,NA,NA,NA,NA,NA,NA,NA,NA,NA,NA,NA,NA,NA,NA,NA,NA,NA,NA,NA,NA,NA
"18",18,0.173811582606472,0.12785769685843,0.409588684115141,0.631048902634325,0.941991022296582,1.02904220817585,1.15121879191609,1.04888170248686,0.770160106191166,0.893642022679653,0.49445645317447,0.333622907979391,0.305797027392341,0.281709999545627,0.212156447413707,0.277680956483927,NA,NA,NA,NA,NA,NA,NA,NA,NA,NA,NA,NA,NA,NA,NA,NA,NA,NA,NA,NA,NA,NA,NA,NA,NA,NA,NA,NA,NA,NA,NA,NA
"19",19,-0.331111570261384,-0.075020728230861,-0.150879883451625,0.117314668905314,0.319629513926329,0.934336682804049,1.01668351464536,1.13159905906468,1.03659274699948,0.773702770349838,0.884380999595699,0.442440083987125,0.293736400363433,0.268085668015769,0.245862789354021,0.179632550605608,0.243989511814585,NA,NA,NA,NA,NA,NA,NA,NA,NA,NA,NA,NA,NA,NA,NA,NA,NA,NA,NA,NA,NA,NA,NA,NA,NA,NA,NA,NA,NA,NA,NA
"20",20,0.356051011121148,0.211837204269639,0.497137544991662,0.325601056998261,0.526887451304103,0.715380844993892,0.585454198908087,0.675029898671238,0.784985283974142,0.746416900644672,0.565898153126593,0.6706621260995,0.342662306485992,0.220675661888816,0.213776084335711,0.208995137103896,0.162675320537286,0.230216070290928,NA,NA,NA,NA,NA,NA,NA,NA,NA,NA,NA,NA,NA,NA,NA,NA,NA,NA,NA,NA,NA,NA,NA,NA,NA,NA,NA,NA,NA,NA
"21",21,0.0979576088308322,0.322529120382462,-0.0217124239516827,0.234639949330887,0.100600277606341,0.286324822308774,0.458527626431696,0.445323488838913,0.532338861370746,0.637035355471734,0.607909101503519,0.450984893997554,0.549385521786745,0.22650430926336,0.1173071291683,0.114196519411568,0.112883139338749,0.0717830742483338,0.139414098530698,NA,NA,NA,NA,NA,NA,NA,NA,NA,NA,NA,NA,NA,NA,NA,NA,NA,NA,NA,NA,NA,NA,NA,NA,NA,NA,NA,NA,NA
"22",22,-0.318200235344736,-0.488423667619879,-0.562466002060782,-0.306327630128632,-0.185626221733136,-0.364241240539106,-0.224784878255728,-0.123090588050742,0.0158522478012229,0.0227607185556969,0.055318802732142,-0.0176973481314218,-0.137139897962936,-0.0405327308594709,-0.021393752581051,-0.120677181207591,-0.148294115921174,-0.173454758084097,-0.227350812367124,-0.184443849974147,NA,NA,NA,NA,NA,NA,NA,NA,NA,NA,NA,NA,NA,NA,NA,NA,NA,NA,NA,NA,NA,NA,NA,NA,NA,NA,NA,NA
"23",23,-0.198322789704958,-0.335129687951649,-0.483996614814045,-0.548138060309455,-0.305849036443932,-0.189424739289557,-0.355867132515959,-0.22266068631602,-0.124822553004179,0.0608155467798775,0.0661580494757781,0.096497495536226,0.0243822005807528,-0.0905676082058924,0.000864509403009079,0.00118194369448557,-0.0948458824531339,-0.122413706269133,-0.147581946688265,-0.200697048490586,-0.159454951595527,NA,NA,NA,NA,NA,NA,NA,NA,NA,NA,NA,NA,NA,NA,NA,NA,NA,NA,NA,NA,NA,NA,NA,NA,NA,NA,NA
"24",24,-0.366253607010069,-0.313796672196756,-0.25862392403563,-0.395046813988133,-0.455713575322031,-0.238342270263427,-0.130648502570612,-0.288133269050115,-0.164999005144516,-0.0735889423349335,0.141009677033249,0.143578441869586,0.170584371483089,0.0980705508016032,-0.0146962400142869,0.0705572121464849,0.0527061450067306,-0.0414653047461867,-0.0695758341021831,-0.0952981246541088,-0.148153389344305,-0.109285725882405,NA,NA,NA,NA,NA,NA,NA,NA,NA,NA,NA,NA,NA,NA,NA,NA,NA,NA,NA,NA,NA,NA,NA,NA,NA,NA
"25",25,0.250878535649044,-0.54861449907322,-0.602150231676063,-0.422606174314834,-0.54553358657948,-0.596058410621173,-0.372468420637659,-0.26049446693099,-0.402453472583181,-0.276700072084471,-0.183125626317963,0.0794991872446328,0.0838044700265925,0.111635782820007,0.0435067604070882,-0.0604003433133693,0.0236368582196657,-0.00148549288772642,-0.0896751897993879,-0.116072365498942,-0.140251531141312,-0.190878723102522,-0.151804213717645,NA,NA,NA,NA,NA,NA,NA,NA,NA,NA,NA,NA,NA,NA,NA,NA,NA,NA,NA,NA,NA,NA,NA,NA,NA
"26",26,-0.330296398152277,-0.070855668800372,-0.83512094857188,-0.846411483017727,-0.535200175631473,-0.648517747642449,-0.692860841573592,-0.467412931470084,-0.353318962835242,-0.483593973702989,-0.356929702988157,-0.26247011862895,0.0470017204868582,0.052070019818351,0.0799903227409861,0.0147663159156721,-0.0821708941915753,6.78173529702985e-05,-0.0350464865627538,-0.118491490523688,-0.143807585395638,-0.167022504739719,-0.216050763385963,-0.177168327622941,NA,NA,NA,NA,NA,NA,NA,NA,NA,NA,NA,NA,NA,NA,NA,NA,NA,NA,NA,NA,NA,NA,NA,NA
"27",27,-0.347051071842431,-1.90700254505805e-13,0.104791380796014,-0.912928216862367,-0.80745294824916,-0.401446646780456,-0.509432804318223,-0.555315219393065,-0.360311974901746,-0.258177975165174,-0.382535593100784,-0.268144401415795,-0.18179197760807,0.136959892861447,0.138895338332209,0.163164738424554,0.0970507476409368,0.000879139980224193,0.0771639714287706,0.028671101134693,-0.0538150062304272,-0.0799476446864507,-0.103971252413856,-0.153013324762716,-0.116770826291699,NA,NA,NA,NA,NA,NA,NA,NA,NA,NA,NA,NA,NA,NA,NA,NA,NA,NA,NA,NA,NA,NA,NA
"28",28,-0.00854615009842961,-0.145435967638952,0.157546892718633,0.367914318539955,-0.715886189651478,-0.813596430603256,-0.563830001804503,-0.648303901666768,-0.673088581189074,-0.471615061984475,-0.36059655860956,-0.472130247202344,-0.352823743363657,-0.261270346429741,0.0228105146184161,0.0298810717481551,0.0577691877919385,-0.000138389984352061,-0.0877695368611007,-0.0109372878409755,-0.0535688099113449,-0.129882464022179,-0.151972864951564,-0.172213010899594,-0.217047694148257,-0.179194265894105,NA,NA,NA,NA,NA,NA,NA,NA,NA,NA,NA,NA,NA,NA,NA,NA,NA,NA,NA,NA,NA,NA
"29",29,0.195529337886871,-0.0220127584061875,-0.272143493165869,-0.143405357793011,-0.134172597232414,-0.417822399278316,-0.511168588384909,-0.324976227588999,-0.413189815426813,-0.45141879329426,-0.295711790937353,-0.211743528417916,-0.320885833384458,-0.225734260294995,-0.152906587590164,0.0943242872369274,0.0915229011770893,0.108721597595509,0.047424372008617,-0.038137495533707,0.0287565281308533,0.00903662114125877,-0.0665578739412952,-0.0921580843860411,-0.115841418118511,-0.161970662278609,-0.13064985733527,NA,NA,NA,NA,NA,NA,NA,NA,NA,NA,NA,NA,NA,NA,NA,NA,NA,NA,NA,NA,NA
"30",30,-0.22705775242337,-0.030381338682857,-0.231450105133541,-0.454712416685264,-0.314804058950801,-0.295854414354595,-0.585027507816397,-0.651519926396842,-0.409609725700551,-0.492072026348435,-0.52676679435026,-0.371100487361536,-0.286229960914489,-0.387771069690224,-0.292266342296759,-0.218948328352541,0.0585110999341121,0.056608264618757,0.0741871205402374,0.0153798310383854,-0.0646064487122063,0.00132962186464956,-0.0244999543728231,-0.0962623079635413,-0.120878141329141,-0.143672088210605,-0.188403711019299,-0.157111810801368,NA,NA,NA,NA,NA,NA,NA,NA,NA,NA,NA,NA,NA,NA,NA,NA,NA,NA,NA,NA
"31",31,-0.318217098287072,-0.569356030876753,-0.320649465569205,-0.474815793984177,-0.660088260142419,-0.492340689525949,-0.44613629162783,-0.701417548480834,-0.776039351333533,-0.537463417518105,-0.610619468682299,-0.637620907787109,-0.477693770387494,-0.388824636471471,-0.482409134304962,-0.384104754301973,-0.308184630307152,-0.0227882995700785,-0.0222672354474764,-0.00299652580352858,-0.0575536285507047,-0.131180053054092,-0.0650329324521397,-0.0902846008565621,-0.157535966495522,-0.180108547047904,-0.201002299362672,-0.24339502106192,-0.211333739555832,NA,NA,NA,NA,NA,NA,NA,NA,NA,NA,NA,NA,NA,NA,NA,NA,NA,NA,NA
"32",32,-0.263685668039325,-0.0255362405707779,-0.217426819515732,-0.0387625436479535,-0.190279526706167,-0.362668375355932,-0.247328066028877,-0.226567434668686,-0.55726214065284,-0.618925951409883,-0.38394981001914,-0.456639464923941,-0.487038889227479,-0.349386340614185,-0.271785821031793,-0.363270086653092,-0.276111107792159,-0.208363167055511,0.0655412249204273,0.0627648743544321,0.0782056137472141,0.0226593473473315,-0.0509389402223044,0.00982280613197701,-0.0194519856053692,-0.0864790586828036,-0.110174312128474,-0.132173601075185,-0.17484508914204,-0.145697975791799,NA,NA,NA,NA,NA,NA,NA,NA,NA,NA,NA,NA,NA,NA,NA,NA,NA,NA
"33",33,-0.280695994680078,-0.548368414389028,-0.296859184178545,-0.391317379975202,-0.205295856822666,-0.340339044715043,-0.496060892833996,-0.375220175067401,-0.348707511976416,-0.683203742272859,-0.729181709757014,-0.458126558372418,-0.526648311250357,-0.554408272079265,-0.416594609938049,-0.338195699537121,-0.42402954317815,-0.336466748841671,-0.268231347956454,0.0291920506462464,0.027227301327148,0.0430583771902018,-0.0103457609146314,-0.0791627374326554,-0.0190805114446948,-0.0529890605592863,-0.116720016307401,-0.139530570160081,-0.16072309593168,-0.202145929389246,-0.172968298342737,NA,NA,NA,NA,NA,NA,NA,NA,NA,NA,NA,NA,NA,NA,NA,NA,NA
"34",34,-0.0597351643746784,-0.33322727165828,-0.358125782439935,-0.267527466451303,-0.466455070515062,-0.257802627779911,-0.329001587100194,-0.435631973482763,-0.297182636573705,-0.236435442944044,-0.588146500659196,-0.675155608657073,-0.515891226512099,-0.569521586453602,-0.583537381075887,-0.446886416973394,-0.364130137480824,-0.443249578864094,-0.353912715618143,-0.282763869233511,-0.0445295457831486,-0.041550295488553,-0.0219376003903462,-0.0688591094034329,-0.134692403389102,-0.0739692636976818,-0.103336882041807,-0.16388119873904,-0.182782758900699,-0.200251777413232,-0.23790733866638,-0.20703464188767,NA,NA,NA,NA,NA,NA,NA,NA,NA,NA,NA,NA,NA,NA,NA,NA
"35",35,0.240230945503034,-0.287969495960924,-0.539699529746887,-0.546828941786072,-0.466545003416427,-0.629717830977805,-0.41114208134275,-0.471390195317475,-0.567059172888083,-0.42293684120575,-0.356877715589846,-0.698605901384815,-0.777860634903423,-0.604045183454066,-0.653518216788304,-0.664210101300452,-0.525554229989231,-0.440979563748659,-0.515505595122686,-0.424815269683098,-0.352446824721876,-0.101931771272815,-0.0977352271106702,-0.0772979776162028,-0.121834087978483,-0.183353943250574,-0.122652793419511,-0.152988978792543,-0.210461078497424,-0.228177877308569,-0.244539176500467,-0.280729621960467,-0.249455842059582,NA,NA,NA,NA,NA,NA,NA,NA,NA,NA,NA,NA,NA,NA,NA
"36",36,0.327743716587402,0.326327045196235,-0.545494108124223,-0.769806100563185,-0.752579870791703,-0.654753237462073,-0.794804370761186,-0.562854460366722,-0.611026177358334,-0.695300835742524,-0.543859677817682,-0.4710364084262,-0.796376611512405,-0.871536885694413,-0.693928764132349,-0.738823969211016,-0.74553789221498,-0.604270242849618,-0.517370370677134,-0.58761988191487,-0.495187498628885,-0.42124397097202,-0.165399711437202,-0.159715323510539,-0.138186828755359,-0.180169594961781,-0.237768326126147,-0.176813330958219,-0.206599478557127,-0.261187679795284,-0.277528312652839,-0.292591221904748,-0.327182687524495,-0.295326434931746,NA,NA,NA,NA,NA,NA,NA,NA,NA,NA,NA,NA,NA,NA
"37",37,-0.0860590345692648,0.51937104687917,0.256372966646943,-0.792481820841831,-0.990633150018193,-0.944739472588472,-0.822416061833483,-0.948564263406299,-0.702154611840483,-0.737790294771874,-0.810596999260649,-0.651466557855479,-0.57128963801218,-0.880287130552763,-0.953477751824701,-0.779899504286835,-0.819982078807363,-0.822306690960936,-0.678341672148601,-0.588899121610054,-0.655214971187366,-0.560916241335875,-0.48524876558408,-0.230015779504132,-0.222665206637662,-0.199859851425153,-0.239246658526471,-0.293459738854558,-0.232074684293992,-0.260419857389832,-0.312404938140557,-0.327245749615097,-0.340883731627913,-0.373809498252552,-0.341247779588815,NA,NA,NA,NA,NA,NA,NA,NA,NA,NA,NA,NA,NA
"38",38,-0.0350283927763687,-0.133708948734648,0.512487341190604,0.0795736605314521,-1.01394757059235,-1.18713218539474,-1.11030700485638,-0.967702379385155,-1.08590486145742,-0.825563671296311,-0.848415512559166,-0.909655130857952,-0.743299634750414,-0.655733387616753,-0.950812969144623,-1.02315186269849,-0.859414089581782,-0.894492405450864,-0.892126945320568,-0.745700969344846,-0.653680181238337,-0.716323866183994,-0.620202019271028,-0.542792997397127,-0.293327005107502,-0.284166363466225,-0.259934603772128,-0.296716504820665,-0.348105416398742,-0.286175302534806,-0.312548360392845,-0.362226057879594,-0.375465850727162,-0.387573980032317,-0.418785909554992,-0.385426639852328,NA,NA,NA,NA,NA,NA,NA,NA,NA,NA,NA,NA
"39",39,0.220509339372859,0.272870702717007,0.164931389236257,0.205303705272954,-0.154783505999838,-1.1714684290175,-1.31197964320046,-1.19882930509865,-1.06647491098118,-1.1834044903692,-0.91359222647461,-0.920759174763961,-0.967561808199745,-0.796457508667846,-0.701413631885404,-0.989275222718234,-1.06252087869157,-0.922181531494664,-0.951062025326795,-0.942886164543303,-0.795463302763675,-0.701092326723928,-0.759877149025931,-0.662419707025349,-0.583460907204221,-0.351879752643496,-0.340407739215399,-0.314333281923876,-0.348105416398746,-0.397538645055351,-0.335002714923911,-0.358830137642415,-0.406554669584177,-0.417792011954504,-0.427973453122951,-0.457159781873111,-0.422817650701467,NA,NA,NA,NA,NA,NA,NA,NA,NA,NA,NA
"40",40,0.0996069337049422,0.430633527612292,0.559804451353904,0.319475865148836,0.397764773185942,-0.121335724986621,-1.33380427218266,-1.46353580184144,-1.33643472016699,-1.19583524020044,-1.3026565869686,-1.02154948313385,-1.0225546598838,-1.06381000435996,-0.886812122088005,-0.787278814966815,-1.06943985309558,-1.13935181282152,-0.994693124560863,-1.02068281336839,-1.00973293011387,-0.859720188595469,-0.763279089304589,-0.819484815699932,-0.720383154189337,-0.640007295899504,-0.404609185680459,-0.392054162933077,-0.365108210817867,-0.397239865626455,-0.444198141011753,-0.381258339852979,-0.404550832206592,-0.45038646595122,-0.460612461403575,-0.46982645780566,-0.497865611530382,-0.462980553810187,NA,NA,NA,NA,NA,NA,NA,NA,NA,NA
"41",41,0.350961976272744,0.430633527611219,0.721626393869456,0.765003087762391,0.356111001649026,0.52290202946168,-0.143751063967425,-1.49493649685121,-1.61437548975118,-1.47190425099481,-1.31867358216639,-1.41769004610264,-1.12498297192394,-1.11962254944836,-1.15524708221955,-0.972260165100343,-0.868080889769028,-1.14399795211593,-1.21124906834382,-1.06483904396781,-1.08788708541496,-1.07404989800103,-0.921420149850116,-0.822845718649024,-0.876627093524946,-0.775844431781522,-0.694007944993711,-0.45695861945276,-0.443264295476525,-0.415379698154414,-0.445896124287121,-0.49066054734185,-0.427233896779822,-0.449651506667264,-0.493761691612235,-0.50294819914743,-0.511164129062052,-0.538057158163859,-0.502582085894707,NA,NA,NA,NA,NA,NA,NA,NA,NA
"42",42,-0.376373706111065,-0.42432486467408,-0.708904493976044,-0.901348547960186,-0.949938034586227,-0.794236918372046,-0.444742005228133,-0.257365463767945,-1.29901457281221,-1.40886163616259,-1.29665126516324,-1.28449780984972,-1.37027241778972,-1.09849870281233,-1.09492803004597,-1.13039877978741,-0.956340564143412,-0.856291014534809,-1.16982045923556,-1.23215361094835,-1.07103925671855,-1.0938584159099,-1.08054030327114,-0.931569794054876,-0.834546273052251,-0.886881018953751,-0.787644940591959,-0.706860620373313,-0.458298342597174,-0.444873237622702,-0.417438203506671,-0.44750138039845,-0.490388564152585,-0.428134879415125,-0.455927646738281,-0.498739951907072,-0.507826495694448,-0.515957446423407,-0.542485709871188,-0.507402233635907,NA,NA,NA,NA,NA,NA,NA,NA
"43",43,0.148952091952731,-0.194299505583261,-0.312466889901452,-0.558130493270496,-0.759496205955677,-0.899958437648454,-0.940752104156544,-0.796631218471531,-0.593137520853126,-0.961617102229116,-1.06164146654784,-0.991993443612434,-1.10819371951524,-1.18407801855873,-0.957332398227565,-0.958595301981435,-0.994859081221286,-0.842667504261189,-0.753752806254751,-1.1188568192618,-1.1764876344422,-1.0087803869318,-1.03204640895902,-1.0208931038882,-0.882609302110953,-0.790915611413924,-0.841951013675693,-0.747870614358888,-0.670812838359662,-0.417979400948185,-0.405585705534755,-0.379508413881693,-0.409462080067326,-0.451254816093922,-0.391629985909024,-0.426942847082937,-0.468896838138424,-0.47822947296288,-0.48661522597609,-0.512993369394196,-0.479093849967732,NA,NA,NA,NA,NA,NA,NA
"44",44,-0.3732301333425,0.256844649674014,-0.0561297926000468,-0.108232283390815,-0.330058363691409,-0.51140095939247,-0.640613813783051,-0.687226080789489,-0.560436120117409,-0.400339701991857,-0.873848729366283,-0.968759026620103,-0.907972997113962,-1.10075626575208,-1.16636528580441,-0.950844439919449,-0.952771889995071,-0.988531177689782,-0.841511600680137,-0.754967510666261,-1.15043653451829,-1.20368669861356,-1.02229580339324,-1.04520573216414,-1.03425806819829,-0.898466086695247,-0.807760243395226,-0.857433117536667,-0.76438165331859,-0.688012320302484,-0.424054814710617,-0.411806800789581,-0.386031237891308,-0.415507280573585,-0.455470017905189,-0.396758999576068,-0.436737721921564,-0.477424784518679,-0.48661522597609,-0.494873985576844,-0.520874206578887,-0.487255841902793,NA,NA,NA,NA,NA,NA
"45",45,0.311182093507297,0.633640384758132,0.552956065729426,0.50862463209449,0.287594488689355,0.187713085916397,0.141090895941861,0.146648505456138,0.210779396779345,0.0479953498558624,0.180700347447386,-0.415831626452868,-0.461879896919213,-0.380323888552265,-0.753330526241006,-0.838131036758874,-0.670375547364906,-0.650220134511507,-0.661640190061051,-0.539572848737364,-0.455704848022639,-0.916805073824918,-0.97726099080546,-0.885080824246508,-0.89685643277061,-0.877104437153816,-0.759201866603043,-0.673324721169859,-0.717479234701461,-0.631394619691592,-0.558767027593969,-0.376563061375081,-0.360136985577476,-0.331443153578375,-0.355730073625356,-0.398551474847961,-0.341574320530497,-0.38596338863841,-0.426633816643765,-0.431889783799338,-0.436316322722631,-0.458637577224181,-0.42412736454697,NA,NA,NA,NA,NA
"46",46,-0.151905119015524,0.0612239041606662,0.331430824527244,0.277450580081726,0.254067599120108,0.0788702722823536,0.000347507551583049,-0.0317841563599458,-0.0165936028240499,0.0522247185188169,-0.0878467201478006,0.0443242281072332,-0.518077017413171,-0.555020322937581,-0.468474163035142,-0.823261665072479,-0.90407663737028,-0.73479815899818,-0.709076013219492,-0.714649440833049,-0.591841704558736,-0.506124159608349,-0.951688120019288,-1.0105117440311,-0.929379404332466,-0.937559219244421,-0.914635810680528,-0.796734096140378,-0.709960688338549,-0.751428680198527,-0.664960570226105,-0.59176470132752,-0.420949425717338,-0.403056860240734,-0.373222136880449,-0.395497078540855,-0.437023566036263,-0.379735408953477,-0.421900319431415,-0.461223135527027,-0.465058199037803,-0.468108081990759,-0.488933969646235,-0.45379463636041,NA,NA,NA,NA
"47",47,-0.271187841254721,-0.0231671027794099,0.270028085680683,0.452862134654576,0.33223461335157,0.246829642113933,0.0626821544954123,-0.0470628242381889,-0.118622911549827,-0.151150335220441,-0.135707008149481,-0.254028717215335,-0.147617847483946,-0.386577307420059,-0.431191169390612,-0.367810839985423,-0.663098080817078,-0.740548600622625,-0.59817825553911,-0.579447289187169,-0.588842414550915,-0.481222657713577,-0.405377543540312,-0.86169467412178,-0.918262636353582,-0.838498327447486,-0.848089884529694,-0.828356161205807,-0.721577233476129,-0.641171702066041,-0.682075468590956,-0.601625258457681,-0.533001511681163,-0.364555924541209,-0.348208466457896,-0.320254386456104,-0.342784751215937,-0.38386868789416,-0.329582067243733,-0.376991637738668,-0.415893431580115,-0.420267285571181,-0.423858350996645,-0.444768876694176,-0.411215242170707,NA,NA,NA
"48",48,0.293958471782761,0.0165439123571705,0.0936558140172082,0.304870169248361,0.37505307299034,0.207254762819813,0.0759181428760533,-0.0969753388136802,-0.223953363585586,-0.322984160322479,-0.393634165908735,-0.428222853629649,-0.521867008412177,-0.466825278243692,-0.415935238482011,-0.472233433485194,-0.438422565840889,-0.551064623475813,-0.625846736483506,-0.50333168716421,-0.495536870906973,-0.512034533332881,-0.418283696437831,-0.354880877020441,-0.737934345732821,-0.792912535649913,-0.723921436876296,-0.736144735064401,-0.721515111993324,-0.626376936224794,-0.554388576899719,-0.595033217971019,-0.52214208724533,-0.45968243494178,-0.303007484661496,-0.289468497607062,-0.264709021839422,-0.288067823064574,-0.328889806271551,-0.278293431290151,-0.321720945477414,-0.360382099458299,-0.365939330541886,-0.370714269137026,-0.392050538884601,-0.361044929984619,NA,NA
"49",49,0.141225062308655,0.133477416310963,0.0309868547855209,0.104959639825929,0.301577701348362,0.368283396990722,0.208319082245215,0.0822719186183769,-0.0798959592562502,-0.201671668904407,-0.297379054240045,-0.366242716237537,-0.400594251732677,-0.485603418517787,-0.433775255316489,-0.405496084836811,-0.460518738394934,-0.428020214978268,-0.563238700581214,-0.634189896425873,-0.515163659618729,-0.507431305746642,-0.523576016244914,-0.431664482254598,-0.369122328096129,-0.768402740114094,-0.821079984616891,-0.744613346527718,-0.756498636113229,-0.741803961094512,-0.647861153471187,-0.576303993082678,-0.616025872611599,-0.543625829689009,-0.481496082238366,-0.317489476993423,-0.30394391461133,-0.279286937045313,-0.30221347507015,-0.341639958853737,-0.291533537794841,-0.33784863136232,-0.375509129509355,-0.380883756352222,-0.38548839422062,-0.406475672545844,-0.375581132500645,NA
"50",50,-0.0549080336204087,0.0878277578210217,0.314108362519955,0.248773225556972,0.305041883515113,0.477629243255892,0.53045225931228,0.36216594882569,0.230756328145567,0.0678564904019636,-0.0543292769089173,-0.150684115354307,-0.221319586202841,-0.259757011654897,-0.343855600188083,-0.303090286939205,-0.290140006178563,-0.345611332187174,-0.319223531630865,-0.471989203961011,-0.540890424763034,-0.433381844815852,-0.427949472959296,-0.445191914360532,-0.360352531245175,-0.302140951708845,-0.72196397547882,-0.772860432896744,-0.693837773383407,-0.706244193569042,-0.692958430764906,-0.605064384850988,-0.536834156013717,-0.57604483799598,-0.506944809531754,-0.447328709976014,-0.281468424667307,-0.268711147052085,-0.245059397089128,-0.268028103647858,-0.306887676417975,-0.258619007108857,-0.310076697466234,-0.347259151977511,-0.35288474255775,-0.357744974559117,-0.37870299059434,-0.34872774251535
"51",51,-0.376898882545094,-0.357650834256908,-0.154674580910863,0.127512278922049,0.227502885723937,0.281617825874391,0.442754939295511,0.494307719512528,0.336689424291646,0.212123983555336,0.0605008690776637,-0.0562604371964029,-0.149151243315156,-0.217730182740859,-0.255341875829372,-0.331493072609051,-0.29220389202885,-0.295221042912156,-0.349281915584524,-0.323459523824904,-0.493533628466376,-0.558836691524063,-0.453623567682117,-0.448010232127943,-0.464746802032203,-0.381106523061015,-0.323400001084429,-0.756055524286578,-0.804822885126879,-0.71898007208758,-0.730972459404587,-0.717494591906563,-0.63035452307511,-0.562329983702654,-0.600624821936987,-0.53179432500653,-0.472342862943298,-0.299646748665561,-0.286816928896065,-0.263192686581585,-0.285697937475592,-0.323178379733464,-0.275269983951855,-0.329076449357758,-0.365269344049162,-0.370678823844143,-0.375335512762474,-0.395923977548548
"52",52,-0.267924332557239,-0.605869884143966,-0.427005212115311,-0.516266685059769,-0.309807478989903,-0.139191878294003,-0.203309577821866,-0.152172606053959,-0.201959424393801,-0.33766110372117,-0.458084970631382,-0.55819075064968,-0.661906857934674,-0.757284649571471,-0.841978943925397,-0.910842688534992,-0.955212205445118,-0.969397794157515,-0.800416981209051,-0.864707054989995,-0.87630545717839,-0.761466075754686,-0.818849802492087,-0.721636560528275,-0.735389974671806,-0.765952786197256,-0.69492122446377,-0.656424003741041,-0.788378900648972,-0.834926344969022,-0.764890877953982,-0.783480534823272,-0.780020201591312,-0.694065845609644,-0.635092797279304,-0.673740159163408,-0.611120908883618,-0.55855078019414,-0.401362317795088,-0.395218562273547,-0.378529760221188,-0.403569473275608,-0.437784613625812,-0.393374140873395,-0.400933414759349,-0.435537521283294,-0.444450290780573,-0.452614836533079
"53",53,-0.334712778064746,-0.4465016485535,-0.727078124539176,-0.466306143582848,-0.448540305045098,-0.454504882404369,-0.316564428271669,-0.363737469637353,-0.301854541472711,-0.337444175885104,-0.459062764643036,-0.568357068498436,-0.661114759299621,-0.75775295361688,-0.846981553040212,-0.926182643800286,-0.989927475766092,-1.03171597686509,-1.04166823836221,-0.86952472475829,-0.930357971549056,-0.938526232540682,-0.821583460312753,-0.876823554545526,-0.777719436262344,-0.788858193739293,-0.816864658895945,-0.74422782756488,-0.70392378558506,-0.832135020678967,-0.877434773399716,-0.809387428350121,-0.826294919482957,-0.821288979002458,-0.734628918389835,-0.674807140251666,-0.712015961340399,-0.648746585005006,-0.595517877572314,-0.440917970509767,-0.433908969062326,-0.416497048117783,-0.440400622192662,-0.473563700654004,-0.428803273151042,-0.435468648739953,-0.469087212256604,-0.477188762116409
"54",54,-0.267097743302116,-0.597763363302055,-0.681700076738881,-0.932644954964655,-0.643734684296991,-0.612648156390726,-0.558540313053005,-0.347016178251264,-0.391778826549914,-0.33076838889002,-0.364634904752821,-0.478366158277668,-0.581625240279315,-0.664631623133101,-0.755490484662898,-0.840476372017025,-0.916677288954559,-0.97863357709825,-1.01285139979643,-1.02337393166333,-0.85957070807964,-0.918672427519503,-0.927191407001386,-0.820396191065425,-0.872580014598046,-0.775951530213002,-0.787116814165682,-0.814779661405077,-0.743640417668852,-0.704118047232776,-0.843441758806876,-0.886957273880326,-0.813414020556338,-0.830163225074875,-0.82530515822491,-0.740186039616109,-0.681100502864384,-0.717624023602782,-0.655138570571723,-0.602487585081399,-0.442300258182657,-0.435401138867662,-0.418200269984825,-0.441828825103599,-0.473932716105092,-0.42976327403911,-0.439268678445958,-0.472134023856068
"55",55,0.367585340121524,-0.507408129621261,-0.802047127756406,-0.864808439999099,-1.08942078795414,-0.782480393077129,-0.742501613741217,-0.630557971654802,-0.351688993751955,-0.39498018347504,-0.335926665420336,-0.368836561922801,-0.4757031299108,-0.5736211568356,-0.647909368369287,-0.733508030385983,-0.814566005592104,-0.887944526905837,-0.948218276942823,-0.975790965008285,-0.987103459489627,-0.833420416102526,-0.890881842231517,-0.899952210629616,-0.805150952371717,-0.854510040287841,-0.76112071370875,-0.772465183895142,-0.799881459238378,-0.730768748896844,-0.69235333341227,-0.844346976959286,-0.886163951914727,-0.807630356515846,-0.824307493867598,-0.819736619074708,-0.73668719089928,-0.678647578990292,-0.714544335411437,-0.653157919212147,-0.601333836419603,-0.436162600420201,-0.42946057466343,-0.412571808467534,-0.435983375213578,-0.467140878328066,-0.423728777914316,-0.436473449205117
"56",56,0.248018235335066,0.501858800229422,-0.799300739727462,-1.06115050279194,-1.09024490141242,-1.29381595591981,-0.953479187191477,-0.89507615737516,-0.760581814629516,-0.429366495103026,-0.469004305459538,-0.408398573420773,-0.438351241262029,-0.537508486098306,-0.629531872480293,-0.694824482503262,-0.775054702596465,-0.852200676681364,-0.922789803694124,-0.98124215669237,-1.00166108226141,-1.01257530719357,-0.861098621928636,-0.916864868571127,-0.92554907432254,-0.834562578976885,-0.881023234395961,-0.787989473747703,-0.79889723093621,-0.825690013585028,-0.756681386225255,-0.71818280958735,-0.875578592126188,-0.915744991196626,-0.83210957431801,-0.848388783953019,-0.843584396655571,-0.760785958292827,-0.702744392545828,-0.737880012241497,-0.676536291134495,-0.624707553513558,-0.454125137986915,-0.447305000110804,-0.430368026612245,-0.453370752535033,-0.483370649758927,-0.440128763966424
"57",57,-0.305118395291412,-1.62000988969895e-12,0.469130494763414,-1.06375159182402,-1.29839689169501,-1.29268512686655,-1.47847769468871,-1.10602810771353,-1.02841874862866,-0.887478342052808,-0.518586975708695,-0.554206534027595,-0.49117963485954,-0.517783301203311,-0.609902514703447,-0.696440457503694,-0.753718878286887,-0.828983648091326,-0.902446356889579,-0.970343408361876,-1.02693236618482,-1.04082479121811,-1.05100107884923,-0.899982674816678,-0.954064505849218,-0.962088114153193,-0.872877003149297,-0.916649564955076,-0.823343763681902,-0.833627945651862,-0.859671378924414,-0.790344320273778,-0.751477225471613,-0.912004825765781,-0.95065880954826,-0.862612340048857,-0.878388747332238,-0.873201866650302,-0.790263485616716,-0.731988513800163,-0.76634259859375,-0.704812852906849,-0.652795383960326,-0.477477234817232,-0.470451100380916,-0.453370752535033,-0.475909688832709,-0.504770200591133
"58",58,0.372777077067667,0.530869645032707,0.81879798977472,0.537956320954595,-0.925614802375416,-1.07790599744362,-0.987824589941848,-1.10775725657151,-0.803215557528092,-0.692229824633312,-0.722875119469831,-0.543888227686996,-0.559366973736619,-0.485118623228768,-0.494083334948051,-0.581000510724031,-0.660857491753948,-0.728193867293519,-0.801934588200279,-0.870965278350123,-0.932344080210565,-0.980677938010839,-1.00926160044314,-1.01157402493802,-0.870060850568498,-0.919354628395759,-0.920906338596074,-0.844013213277419,-0.890057840775839,-0.798365711017746,-0.803737167515814,-0.824958057824289,-0.755862224596361,-0.714946898930525,-0.879555351219525,-0.918949882238227,-0.850115967672125,-0.862743705066227,-0.854801547724645,-0.774351067239646,-0.716301402289405,-0.748792766542123,-0.688068341001474,-0.636279697159369,-0.483532167637571,-0.4748940607188,-0.456561269741218,-0.477221441152349
"59",59,-2.70323281338909e-14,0.275740398766536,0.296946213398653,0.523480600881276,0.31190116879746,-1.11209027629876,-1.23797536073031,-1.11843963139149,-1.21712193591705,-0.901747405520615,-0.77726903061215,-0.817071879259886,-0.647754877564333,-0.656456686639247,-0.577271967154073,-0.580374609590805,-0.661604884483613,-0.736459042709669,-0.800599359537171,-0.870805282940241,-0.936524487816117,-0.994758371223758,-1.04002134017456,-1.06747081819891,-1.06709768387037,-0.923757957937618,-0.970830238234186,-0.970129213212102,-0.891782177830308,-0.936507310914525,-0.843573757968779,-0.847152244287742,-0.866599296366626,-0.796436890486342,-0.754298001825234,-0.91576791538912,-0.954287595717343,-0.887234771874243,-0.89861156286385,-0.889511410418986,-0.808542011744798,-0.749861848357635,-0.781288577667058,-0.720079646226731,-0.667798582182505,-0.517441619675516,-0.508133172517285,-0.489235776357607
"60",60,-0.299720874593337,-0.335284432648609,-0.291371540710528,-0.0690142904620359,0.081388702578545,-0.124105333651895,-0.859588220580464,-0.97447131471215,-0.888755757224452,-0.981434270864399,-0.731795501902597,-0.628047254805123,-0.662777249216479,-0.50219640864428,-0.515318777852564,-0.448092068881426,-0.455312599768121,-0.534302563350567,-0.607054728235631,-0.669269228015203,-0.737055880715165,-0.80054665898007,-0.857052579600078,-0.901665815421151,-0.929443747528554,-0.932658809390742,-0.808739845298643,-0.854796740295415,-0.856891728720058,-0.793865431364042,-0.837490220006366,-0.753483588109949,-0.758659600246809,-0.778693380984549,-0.714712816462547,-0.676531970951835,-0.845057545770079,-0.882677658124426,-0.817730186762671,-0.829664365599711,-0.822030523222436,-0.746763111373165,-0.691642417561754,-0.722723762150028,-0.665058636117281,-0.615621028532189,-0.468637831210924,-0.460289621282534
"61",61,0.157574859774882,-0.107721740641902,-0.286183738224174,-0.418790382978824,-0.421132879179223,-0.4583631174059,-0.622498942520862,-0.565895263969053,-0.67780175122104,-0.643332030272631,-0.736519346082795,-0.556893880057465,-0.49124410657219,-0.533635005996392,-0.416592190455996,-0.442923628015712,-0.398973333231843,-0.41888503164753,-0.49543845796744,-0.566523670898845,-0.62628199966291,-0.691510189867137,-0.753288530161766,-0.80941230381447,-0.85594811432422,-0.885426230241805,-0.897829459265661,-0.783718980455274,-0.829900382891194,-0.839696842592951,-0.757131186066227,-0.799505849656122,-0.72722090855498,-0.737446533048867,-0.760465206951289,-0.706302131547953,-0.676438409734178,-0.783405366164497,-0.820278417180952,-0.764939050356759,-0.77904272986102,-0.775324300142006,-0.705619856354861,-0.656376215749549,-0.687372824233948,-0.634872246675991,-0.590181225254284,-0.455906368967061
"62",62,0.029521177088908,-0.148477592064685,-0.270684593982183,-0.434246920300429,-0.554567535367897,-0.5486257647392,-0.57839401752193,-0.720807393196008,-0.680539757223132,-0.784651984343982,-0.745190721933876,-0.832463210623544,-0.648842078131735,-0.579934158252392,-0.610396707892759,-0.472956421776905,-0.497438209317957,-0.45266864791439,-0.47101080110377,-0.543682253083649,-0.611630592453051,-0.666690839336998,-0.728895733019255,-0.788366322607372,-0.842762002442927,-0.888085260178023,-0.913520775589404,-0.925468905968652,-0.812006378509376,-0.857024973095124,-0.866416604934862,-0.785425513546764,-0.825905570100445,-0.753659365052869,-0.763493092175698,-0.786003195952414,-0.731776880721615,-0.701756244847044,-0.811670212954323,-0.847379835264842,-0.788609753351292,-0.802372321299867,-0.79842732627157,-0.728805705606757,-0.679501090895796,-0.709904144646997,-0.657376026338718,-0.612632492397859
"63",63,-0.384131641820784,-0.285235524804878,-0.421734908522226,-0.434246920300421,-0.582950788774422,-0.691882418977982,-0.677596964873106,-0.699983854002647,-0.82381524709285,-0.793108416816291,-0.890266527292381,-0.845583480562862,-0.927438233290156,-0.739171134651811,-0.66673573393782,-0.687420442986636,-0.532317839444579,-0.554927746296135,-0.509138832790726,-0.52586781644273,-0.594924802093325,-0.659922461478961,-0.710638302357827,-0.769997418439403,-0.827272741946205,-0.880001795046012,-0.924124038987753,-0.945772565305452,-0.957185389318638,-0.843932339281298,-0.8878121780528,-0.896728098704061,-0.816738687829406,-0.855423342653725,-0.783030098515887,-0.792419739718282,-0.814389690469296,-0.759969562154094,-0.729702078685446,-0.841810441627635,-0.876419478216967,-0.814502189282087,-0.827892281338463,-0.823671971041053,-0.753996274400812,-0.704548224152721,-0.734359932631867,-0.681721224043655
"64",64,-0.34034831782336,-0.714526181060725,-0.558350559967405,-0.594336849274047,-0.491083535360309,-0.629768441411134,-0.732195493957202,-0.716823652903593,-0.737443300930818,-0.843275021359028,-0.854518307251635,-0.94708129674915,-0.90124718839049,-0.97971450945214,-0.791832726423647,-0.718645443126699,-0.727461256079421,-0.552009340059748,-0.573963103771589,-0.528664562496703,-0.544881191966164,-0.610976501696392,-0.673571742654855,-0.720168380129151,-0.776966650460127,-0.832307579199346,-0.883630686588804,-0.926864742224749,-0.944778896212075,-0.956221668377317,-0.845874915493299,-0.888810395633552,-0.897745765212783,-0.822070619128493,-0.859022520205494,-0.787671508197063,-0.797002989606491,-0.81872462178938,-0.764959222610676,-0.735027805036266,-0.853284868921743,-0.886811229498165,-0.821381954608448,-0.834644320448092,-0.830472578829685,-0.761633733354479,-0.712582012302953,-0.741935506173863
"65",65,0.112880951659997,-0.209589482415896,-1.03041276804624,-0.809144094009337,-0.783167347338975,-0.582595800383985,-0.711893000348426,-0.807956333897407,-0.789715984057654,-0.807375111330832,-0.896775954556847,-0.933475350534722,-1.02156090408069,-0.973280113465917,-1.04832171700412,-0.858324637753333,-0.783335228236594,-0.781812260550714,-0.58753262052333,-0.608525070523994,-0.563107368034206,-0.578518042245054,-0.641650261518984,-0.701835269581494,-0.744392088729434,-0.798665194485352,-0.852096005224167,-0.902019341374995,-0.944330885501011,-0.958529206763964,-0.969803175651897,-0.861036897094638,-0.90301821773028,-0.911798940902142,-0.838849419224281,-0.874088184999183,-0.803207965935624,-0.812351570969036,-0.833744162311826,-0.780234659927616,-0.750384076243503,-0.873055865697972,-0.905526962136865,-0.83665518143903,-0.849713355309043,-0.845467293104841,-0.777031620939814,-0.728121189131348
"66",66,0.16046858793645,-0.183037725463334,-0.405346369532625,-1.29845307952501,-1.00806799866993,-0.976205894758045,-0.718261463089016,-0.837542107020857,-0.925904842859436,-0.901267140311606,-0.913256643465603,-0.989927759335129,-1.03074420595197,-1.11395476321057,-1.06108170460573,-1.13214351452131,-0.937466365050074,-0.859162710226483,-0.851185382731413,-0.64355003346359,-0.662962733045704,-0.616514417390845,-0.630533154024045,-0.690760353441982,-0.748530310932206,-0.78749557728156,-0.839372218661258,-0.890929576498117,-0.939410780569365,-0.980660757391355,-0.991567784189472,-1.00231090470671,-0.893462639995102,-0.934429681086422,-0.942736461481629,-0.870369679706966,-0.90403197727979,-0.832893879262676,-0.841602140195255,-0.862484852369052,-0.80871003141648,-0.77857332602787,-0.902869269029598,-0.934378087197246,-0.862757504021822,-0.875454801357283,-0.870923584521353,-0.802345824089351
"67",67,-0.284801649293784,-0.409044642327669,-0.670552793653468,-0.926639466865205,-1.25311881921978,-0.989303606398087,-0.893684352748345,-0.588535283722434,-0.701068739019703,-0.785927715339936,-0.769260759938475,-0.785082305516173,-0.852321498219148,-0.973720327736326,-1.05350515334198,-1.00583593446594,-1.07447286656023,-0.894127800004865,-0.820505400448288,-0.805181152587305,-0.589206872906206,-0.609147757957635,-0.565746849292542,-0.580376694471036,-0.638705509107734,-0.694820883928215,-0.731486942577763,-0.781583318564014,-0.831636847241524,-0.878918418083033,-0.919405951438727,-0.928762472429003,-0.940134060995336,-0.839053462099295,-0.879204278708602,-0.888082849825242,-0.824854173058517,-0.857387610139385,-0.789683952426961,-0.798759415060897,-0.819622146317239,-0.768223902776208,-0.739502775731293,-0.873124759979988,-0.903794635298439,-0.830947807568568,-0.843753675160546,-0.839728310888495
"68",68,-0.350780995300633,-0.62717719392791,-0.701602847874408,-0.921400371131758,-1.14944825447827,-1.46480105996288,-1.16161216399038,-1.04491261279507,-0.682493769343101,-0.788169371148581,-0.868163175313641,-0.848519381614664,-0.861434362777256,-0.916651240997815,-1.05148095234176,-1.12775352602291,-1.0773960405734,-1.14321418246635,-0.959953327642721,-0.884249193057155,-0.861499771252242,-0.630735954294658,-0.649668508776652,-0.605833388344223,-0.619588190108865,-0.675341884359528,-0.729335329790128,-0.762510817082828,-0.810381321847889,-0.858730970144518,-0.904742200396544,-0.944356377710668,-0.950417669445763,-0.961499863128019,-0.861137514561489,-0.900398203595961,-0.909017560386476,-0.847403727580349,-0.878392074108485,-0.810807150980606,-0.819622146317239,-0.840121225068478,-0.788737897528236,-0.759943551360044,-0.896614680540382,-0.926336630261651,-0.85043833627729,-0.863000981820312
"69",69,-0.25458594589849,-0.59298624156888,-0.716848639179019,-0.648900719691759,-0.865672758855216,-1.04611990234674,-1.58065704439998,-1.24550256049752,-1.16750126709972,-0.808458346091371,-0.905476133305711,-0.977981299551596,-0.951179329312673,-0.957568723594706,-1.00727643480167,-1.13732793733712,-1.20915856753273,-1.15373386366556,-1.21566038382802,-1.02842507968202,-0.949201763995583,-0.925575152030461,-0.690734308138851,-0.707774786066524,-0.662487137402365,-0.674531830783866,-0.727931641595005,-0.779870923770754,-0.810598854806678,-0.856557616230543,-0.903298702419712,-0.947962350549808,-0.986453319157023,-0.990310594139375,-1.00059849756369,-0.899477779824873,-0.937742675120137,-0.94565421254635,-0.883576824376061,-0.913353767531208,-0.845205012462307,-0.853402454058927,-0.873254024633362,-0.821374208895425,-0.792093437465943,-0.928511087628918,-0.957478700782421,-0.88012872665134
"70",70,0.0246706718415914,-0.595933793882468,-0.896388551997105,-0.975810602543517,-0.863523956569379,-1.05761352817228,-1.21754347027656,-1.74795151265483,-1.38143413036464,-1.30039744269484,-0.911718258215033,-1.00297881905315,-1.07086635922715,-1.03987659492907,-1.0425187826776,-1.08412172171315,-1.21708147254524,-1.28572109481744,-1.2267893182874,-1.28599657231582,-1.09490471229852,-1.01300829150952,-0.985081500287913,-0.740289740846064,-0.756118214971671,-0.709947726900611,-0.720903937207616,-0.772093050506556,-0.822164128128001,-0.850044473388051,-0.894080527928698,-0.939302553823598,-0.982785847914729,-1.02039819743058,-1.02149368290512,-1.0313171604764,-0.930033736035001,-0.967442386841876,-0.974935952260655,-0.913265876140218,-0.941704694280924,-0.873283731336738,-0.881097188648147,-0.900505163578697,-0.848359331924167,-0.818806332423346,-0.956571292916321,-0.984721775636498
"71",71,0.308808030823609,0.513863614665272,-0.229950549732656,-0.287463344762292,-0.166108831853831,0.0161700481080702,-0.0200999474948433,-0.0165835924342998,-1.47885096720153,-1.14994980167133,-1.17704341350072,-0.940171693866354,-1.01478576770418,-1.06554262710286,-1.02004300241619,-1.00759422343971,-1.06386902553658,-1.21783971262842,-1.277999388546,-1.21173534493287,-1.26290606498795,-1.07890689267995,-0.993891997200416,-0.983933219155491,-0.773885200274334,-0.785386300064654,-0.736516347628441,-0.743496453352346,-0.793475607272177,-0.841947037554932,-0.872088628067625,-0.915711229520542,-0.959794738518921,-1.00160237500171,-1.03707203404144,-1.04157528317112,-1.04912735364327,-0.948643588551288,-0.984644961283938,-0.990140621233226,-0.929775921589337,-0.95864194087328,-0.88999289397284,-0.896158559047422,-0.913973281819606,-0.861364868106783,-0.830849660548386,-0.967272555198794
"72",72,-0.146668059342693,-0.394156494828369,-0.424985231067127,-0.107861126276653,-0.234200743015201,-0.23083588277142,-0.154325281425662,-0.247377062468521,-0.309384280999664,-1.2117906698754,-0.955164049441636,-0.974720107333129,-0.755107780564139,-0.827230214504297,-0.878205654965838,-0.844864444584863,-0.839673112585438,-0.893514462738056,-1.10229878004849,-1.16040641209359,-1.1027059860185,-1.15253493314641,-0.988653522699809,-0.911287757565666,-0.89949743427448,-0.692961608788372,-0.705546228812131,-0.660896442540513,-0.669025770158358,-0.717788814167717,-0.765119632615213,-0.794355698720681,-0.836834287317625,-0.879821602373738,-0.920684970120174,-0.955563495657273,-0.960137727479382,-0.968594614815039,-0.876707724333732,-0.912046454095509,-0.918372675467806,-0.866886924407618,-0.895108550873709,-0.830698640190577,-0.837432569326906,-0.85534707690525,-0.805765198015873,-0.777130476372018
"73",73,-0.216584640398237,-0.370328916708031,-0.598565879391452,-0.610751116916725,-0.285481889959115,-0.396287155478434,-0.383252281852583,-0.299911644343488,-0.381572378412013,-0.434594351294469,-1.33169914122035,-1.06240005483823,-1.07782142171348,-0.844850799919148,-0.912641060393217,-0.959913533222907,-0.923188811360424,-0.914863715733041,-0.963788507741699,-1.17260858781065,-1.22802904730333,-1.16731551399994,-1.21475058159757,-1.04801211769974,-0.968412711509002,-0.954337928696507,-0.742327309220968,-0.753699707068832,-0.708101189708802,-0.715124953931571,-0.762101073423304,-0.807879078799149,-0.835015957280998,-0.87595490223475,-0.917672374164635,-0.957496524364725,-0.991538602511786,-0.994095994166429,-1.00199982648658,-0.909646356423071,-0.944201429059904,-0.95002796353054,-0.898409299043977,-0.925562799378058,-0.860750003939362,-0.867036124149664,-0.884467877825736,-0.834524446197932
"74",74,-9.73148155819703e-14,-0.0127426240089241,-0.151265357473709,-0.354938360294171,-0.375692088347024,-0.134741675617897,-0.243522906239215,-0.237926781486748,-0.167039584385105,-0.248629296001509,-0.303085962515609,-1.34078822129343,-1.08054919620776,-1.07854616816235,-0.818974247723384,-0.884799345683808,-0.931271364661518,-0.89703799866656,-0.89002414851216,-0.932963521974288,-1.17817346808545,-1.2322358573092,-1.17297579519722,-1.21943063686032,-1.05679077356554,-0.978419247392061,-0.958530342966016,-0.736035426226767,-0.747464045245172,-0.702919346231368,-0.710045283546602,-0.755491124913541,-0.799992637748744,-0.824813485999797,-0.864269479357645,-0.90484019883651,-0.943820476831496,-0.977348208575788,-0.977710366344928,-0.985792843998804,-0.896660981222284,-0.930616089212897,-0.936607734022016,-0.889582497731114,-0.915602930253466,-0.852126497011106,-0.858499657206646,-0.875835946163962
"75",75,0.384900179459822,-2.4901323377588e-13,0.178337371978553,0.037191063126014,-0.158698865712014,-0.18642135839131,-0.00239167460536418,-0.11074759859479,-0.110873988294125,-0.0493118074170033,-0.131277597068947,-0.187088491811288,-1.35044712467159,-1.09840128331461,-1.07996589789618,-0.795178121454051,-0.859155631641019,-0.904835887978622,-0.872789063333194,-0.866913262613945,-0.904223495857223,-1.1839668820026,-1.23672955102045,-1.17881460345007,-1.22432659085314,-1.0655640410115,-0.988350139532183,-0.96282566711631,-0.730126773257125,-0.741597818538008,-0.698045007173794,-0.705259814437952,-0.749224535817848,-0.792490265049864,-0.81506561983685,-0.853086291646732,-0.892547188906618,-0.93070972659182,-0.963736047471968,-0.961968770458311,-0.970210585125462,-0.884151983079897,-0.917523537568023,-0.923665135749079,-0.88107525646463,-0.905991416077548,-0.843795532887707,-0.850247699610839
"76",76,-0.384900179459533,-0.114224396835427,0.181940050927961,0.303297599018264,0.121656382555635,-0.0785395224420934,-0.155199882904781,0.0284819312956649,-0.0931749247389838,-0.129230134288301,-0.111055188742404,-0.204199610607733,-0.276255962100064,-1.11210908618619,-0.911225633485301,-0.896165264320129,-0.6408973299624,-0.703574679275122,-0.749626021996514,-0.72621358898905,-0.725733049985447,-0.76350044759555,-1.06451594135522,-1.11562197223633,-1.06528399521477,-1.10968473039525,-0.968864092612557,-0.898924449566628,-0.873879239890472,-0.649280386031585,-0.661761606194396,-0.622067822288188,-0.630378952970427,-0.673524942469424,-0.71597594137106,-0.738376115272314,-0.77567555351425,-0.814354251178862,-0.851791220876842,-0.884343902789198,-0.88342097940066,-0.89247991919292,-0.81357910279016,-0.846425140583997,-0.85334282156096,-0.817480340900238,-0.842051992523768,-0.783770807811222
"77",77,0.194184626845199,0.39644381695724,0.201045550688397,0.409422750532126,0.137706738348077,0.0518146821302562,-0.0798147087584414,-0.0944223410189953,0.0700855300830879,-7.83790455309776e-05,0.00710390095962819,0.0563530036373567,0.00288884385911918,-0.0313580158913123,-0.879102217193622,-0.706490018698428,-0.747898707115068,-0.60785001002758,-0.658987838183179,-0.693097735255204,-0.660876144080249,-0.650343761580693,-0.70056361404891,-1.01249964950049,-1.05676889091605,-1.00228436236874,-1.03999613053859,-0.909706581737463,-0.839088079785437,-0.833366898061205,-0.651059345475225,-0.659584309517141,-0.618012521973168,-0.622659133881714,-0.665328465335131,-0.706727530728427,-0.732894641077488,-0.770521082552396,-0.808520521850291,-0.844519635067409,-0.874994460570777,-0.879312528578786,-0.886085579397576,-0.809349048428173,-0.840897932864624,-0.845778012233169,-0.812644496749721,-0.838324928590741
"78",78,0.332518942727048,0.519778092174192,0.685546014201233,0.447868697584815,0.616406562419492,0.330498271582555,0.23344658936608,0.096515285511854,0.0704521444359069,0.212496328205839,0.13673038883767,0.134749821792435,0.173196985449165,0.115036400795819,0.0755779182015068,-0.786130356426409,-0.630936543435632,-0.667215011301278,-0.52414005462016,-0.574711695558729,-0.609092274391975,-0.5806053566734,-0.572445674233476,-0.620714971169488,-0.962264798914008,-1.00569924443573,-0.954601693869822,-0.991782760020252,-0.869952190740367,-0.802589775547572,-0.794176512044327,-0.609026970453848,-0.618012521973196,-0.578378047025956,-0.583528056926148,-0.625297027923558,-0.665904171390644,-0.690953863164796,-0.72769098166127,-0.764935170471878,-0.80033680804489,-0.830451366692614,-0.83398280655948,-0.841152970227731,-0.768900148494265,-0.800012901059049,-0.805270318277596,-0.777717748699373
"79",79,-0.299073998980352,0.00274800171071718,0.16805544878434,0.319197039296338,0.162074884071572,0.322030438146106,0.11508485680826,0.0431159614483197,-0.0685166170682352,-0.0809402578174647,0.0604483033360518,0.000842475634565894,0.00835367188974993,0.0525750861180905,0.00678677655551382,-0.0223317478450858,-0.829011726589261,-0.674301134146604,-0.716174168836401,-0.590128885847633,-0.635841995614087,-0.665669086544431,-0.633732768411454,-0.621900059915605,-0.669638304181379,-1.00267271317187,-1.0429735923136,-0.989272649552661,-1.02347031747718,-0.901924310695478,-0.833134910582796,-0.828259552767279,-0.651600294345536,-0.658825980218969,-0.618061571460977,-0.621585284651942,-0.662124623210157,-0.701490373342504,-0.726283527003572,-0.762165403391454,-0.798444611122515,-0.832814065774809,-0.861842764362953,-0.865601434157671,-0.871773656662327,-0.799180977571511,-0.829440923204682,-0.833796940097739
"80",80,-0.0397989245540746,-0.166701568487409,-0.01652606578687,0.142490817359727,0.285804305064152,0.137495120837009,0.2656642498667,0.0942715162653773,0.0256320440014163,-0.0809402578174747,-0.0926765702821089,0.0394517477315507,-0.017748517420095,-0.00995405346156474,0.0335967756741078,-0.0105293887476527,-0.0385712929034487,-0.883477893612051,-0.728315675287468,-0.7632163324999,-0.622850411702931,-0.667216320724414,-0.696139535279908,-0.66403992905026,-0.651874403412963,-0.695977432241413,-1.04115586159007,-1.08044468016196,-1.02619326118991,-1.05953896925566,-0.937767869634333,-0.868514609771437,-0.860155438864292,-0.675986137084511,-0.682875127819102,-0.642072951655565,-0.645300032853621,-0.684621506980449,-0.72296442409309,-0.745918687738754,-0.780629400879694,-0.816005192291907,-0.849700677353013,-0.878273309968811,-0.880112680228718,-0.886154965770193,-0.81422497978932,-0.843977453216036
"81",81,-0.127433182550474,-0.160171208582602,-0.415628570156807,-0.237621017191788,-0.0564957030277287,0.100552471880712,0.0168394147092619,0.142061975536606,-0.0227057209499892,-0.0598268913727792,-0.136611078409234,-0.12635480644204,-0.00114326406815291,-0.0356978126450331,-0.0122452470538482,0.0410053483604594,0.0157625855239376,0.00469195168370824,-0.784342062122224,-0.643870612107596,-0.695732307111084,-0.610759979959719,-0.647134664944646,-0.668133917452777,-0.631030784190736,-0.612834266802036,-0.661668844528605,-1.00723550858566,-1.04124899114425,-0.98465292755433,-1.01288384826062,-0.898817937931762,-0.829602523102379,-0.832996952696234,-0.678952668652815,-0.682803558485925,-0.640738173633489,-0.641159428576306,-0.679749081375435,-0.716970230190636,-0.742502998913012,-0.777219652156001,-0.811848940618236,-0.844223541631857,-0.870995205557264,-0.876907804445654,-0.881056581485944,-0.811021954315339
"82",82,0.295682115050529,0.0543824107999371,0.126242261616783,-0.114506226998406,-0.0675429176247688,0.0908070275840041,0.23118931954901,0.144238321646726,0.234746265277644,0.0753293539651243,0.036024340152351,-0.0411814803945684,-0.0345237925842943,0.0761135422537191,0.0402718616530823,0.0608118654945646,0.110304882065091,0.0838337565613379,0.0712801552648071,-0.764108546472245,-0.630768302896456,-0.678012607381543,-0.584472212281647,-0.620448254002124,-0.641519374895338,-0.606012776810585,-0.588819984049107,-0.635384197319128,-1.00358004420891,-1.03710965991475,-0.981757632606709,-1.00966392356057,-0.899008953722682,-0.830961346941587,-0.831310325822515,-0.67129705310059,-0.675286996631318,-0.634054679928553,-0.634636858842246,-0.672342439770781,-0.708822595073225,-0.732939680214432,-0.766749821854018,-0.800679426610594,-0.832545930824957,-0.859022597972439,-0.863496420337952,-0.867799906089852
"83",83,-0.148063726734627,-0.402485594611794,-0.691591307795299,-0.630371678120014,-0.762357625687639,-0.538974546932373,-0.553181286761344,-0.566499863533225,-0.696943449009214,-0.545343677060905,-0.620686030676401,-0.708169884591408,-0.805545206095518,-0.862209170505322,-0.759562550467371,-0.830048178586927,-0.866920082488894,-0.8789317011464,-0.938834229334702,-0.990431346446146,-0.954715791168771,-0.834183943828664,-0.874776391374051,-0.797038282076018,-0.841169098055349,-0.874243269812246,-0.860838316852724,-0.862749493610537,-0.9025250309406,-0.991939520742517,-1.0280603950134,-0.988970793192369,-1.02020468231471,-0.914728847364817,-0.859768538929106,-0.86245806350117,-0.726118347441082,-0.735893483302475,-0.70379853758292,-0.710263116161299,-0.746558158911156,-0.782078268667772,-0.804689854971181,-0.837031506159344,-0.870002895698793,-0.901667013644497,-0.929155426921596,-0.934001038047725
"84",84,-0.0701950088962241,-0.405920425404225,-0.527545269210705,-0.763391592057466,-0.619535739968126,-0.795458650964402,-0.555066257376242,-0.522632816140627,-0.493118854570035,-0.589117431657987,-0.435417933614954,-0.540506847976118,-0.601417428000567,-0.679276748505914,-0.71114396277723,-0.60538338393858,-0.656171868085952,-0.672216768982192,-0.665515104103813,-0.708027478341244,-0.742003246527644,-0.770213567530561,-0.660314066551073,-0.714899357137854,-0.690619627657127,-0.725840358188038,-0.749636414998906,-0.729125682902221,-0.722990607198555,-0.769054910531018,-0.884183628126682,-0.914034224416193,-0.872196198498182,-0.897289878997597,-0.802584654726641,-0.747845467651595,-0.764721585710081,-0.668065448404132,-0.673757000467722,-0.640038522692763,-0.642683706576279,-0.678612359070879,-0.713108695313737,-0.740206491287881,-0.77319161396334,-0.805587642412828,-0.835707507262126,-0.860817117214398
"85",85,0.099828867818111,0.0302880874101311,-0.260163150001436,-0.370610649481331,-0.577908380547394,-0.460610365225825,-0.612234326966145,-0.411978262634242,-0.388078137739524,-0.366086647575307,-0.459413805191108,-0.324197511843803,-0.423833171009661,-0.484399835192186,-0.56033344350344,-0.593537422530549,-0.499684960315591,-0.550257009546881,-0.568197452426592,-0.56471279474635,-0.607207526664841,-0.641591091964233,-0.693326627909904,-0.591987785159891,-0.644582225016266,-0.619104754956483,-0.654180832424873,-0.678313202512855,-0.660120028586388,-0.655545631017828,-0.700406531067076,-0.83106802815276,-0.860693782013193,-0.821369342772163,-0.846393240097937,-0.757480292551018,-0.705319773879528,-0.721049117151561,-0.623874137418918,-0.630033194790756,-0.597928819348574,-0.601075377555805,-0.636467595479032,-0.670483981857517,-0.696942915383888,-0.729368389107324,-0.761277529463505,-0.79101250365269
"86",86,0.284330940918857,0.00748605280431222,-0.0631343727084837,-0.296968872126745,-0.400257251330401,-0.587766949383494,-0.474253647890285,-0.600527911979194,-0.410996662989744,-0.38813894859175,-0.367047549862943,-0.456791372418882,-0.326800125800468,-0.417196635619004,-0.476201133657337,-0.549764768157537,-0.582525161686893,-0.491881750861389,-0.541388172915045,-0.559291964731692,-0.556273092182341,-0.598022390162285,-0.631929697220767,-0.698762870897073,-0.599610176364315,-0.649082148738023,-0.617390259108151,-0.651921244192588,-0.675789878741072,-0.658065504164937,-0.653725974711173,-0.696729013063399,-0.83808308490192,-0.867280041076437,-0.828425553093188,-0.853124815164333,-0.76577181799724,-0.714119182582314,-0.727610200961504,-0.625818248552757,-0.63196195644347,-0.600249866221398,-0.603405391931169,-0.638053418164603,-0.671441286499795,-0.696720472577432,-0.728384689238137,-0.759702528975384
"87",87,0.282199545744483,-0.0780330386624148,-0.245648213766441,-0.235888232806704,-0.451955029675538,-0.499933353909956,-0.654737797798612,-0.515811523125374,-0.649461647887065,-0.457162528829135,-0.413185522625829,-0.372579681026432,-0.440324897906562,-0.311288283694555,-0.406085891482031,-0.448322221815011,-0.507782697719421,-0.525688397638375,-0.43395272338377,-0.470303299163141,-0.47579547613874,-0.462133157378175,-0.492211878605472,-0.514714010233529,-0.601874832374775,-0.508975330433755,-0.562950800918137,-0.560529601967521,-0.588354737349252,-0.605526582202769,-0.583125240782226,-0.573355763203545,-0.618351490060491,-0.76926165741522,-0.793531936713722,-0.75285271661415,-0.77277771050344,-0.692577789837603,-0.641199329922794,-0.663268593919771,-0.589005734812878,-0.591975930538112,-0.559104206200953,-0.559304265212502,-0.59308349420449,-0.625191019429699,-0.653159203749012,-0.684809971631829
"88",88,-0.210256830597681,-0.00747827173940934,-0.275219799380457,-0.483480347539876,-0.450147031878426,-0.638054235951931,-0.668586001334439,-0.807409714100685,-0.655647715585026,-0.777318646558837,-0.577472472622945,-0.526037580426602,-0.478731824816877,-0.537999293687593,-0.406085891482036,-0.494179493941256,-0.530307250357105,-0.583933952495965,-0.596797146786052,-0.502805232843258,-0.534329622974718,-0.535678391369461,-0.518449607946341,-0.544353697885026,-0.562937404071278,-0.645692951398037,-0.552339860271552,-0.604640704361416,-0.605030083748685,-0.630162915925993,-0.644794940035089,-0.6204842428281,-0.608662569643266,-0.652413282967638,-0.799541453201401,-0.821740084938665,-0.779776440938863,-0.79773409675464,-0.717823064609883,-0.665779029922685,-0.688650778388591,-0.619327655267449,-0.620993422058706,-0.587361096282067,-0.586349003839744,-0.619118578533124,-0.650199695446035,-0.677944195479452
"89",89,-0.0774274631773444,0.0719718700445903,0.0633010369036375,-0.1546947167864,-0.580334026184556,-0.541762614947624,-0.705851248091026,-0.732894143334759,-0.862829656598746,-0.711415522249476,-0.819724106980224,-0.62305682778505,-0.571270067769779,-0.523578674642251,-0.58042052752426,-0.449849921528855,-0.531813753819604,-0.566546907891755,-0.6183812288333,-0.630467377512707,-0.536997944110328,-0.56744673228666,-0.568235516055579,-0.550661752577577,-0.575710986123122,-0.593596356775084,-0.682066408393632,-0.588809206090601,-0.638836170206614,-0.634708631856754,-0.659163753657397,-0.673278150485473,-0.648740801810301,-0.636628964640637,-0.678891995546844,-0.829992680906682,-0.851631622237064,-0.809373669101124,-0.82683496378513,-0.746891230260604,-0.694624672947436,-0.715871438755966,-0.643137343730811,-0.644536607003744,-0.610796171849664,-0.609541256016385,-0.641606612275569,-0.672078021919775
"90",90,-0.284025550867,-0.485833901419937,-0.438097449570423,-0.196508464954921,-0.34011559398649,-0.292414084333813,-0.290770896942797,-0.444331033409665,-0.490565336711942,-0.61293361368569,-0.515707267747952,-0.619100381694616,-0.471207670655212,-0.443635171992409,-0.417900779471255,-0.479103620835136,-0.373122067904352,-0.452244644195073,-0.493033060455901,-0.547457099414777,-0.568256124981441,-0.493237981389334,-0.528665776541476,-0.538409207823651,-0.531706615017033,-0.561678958495899,-0.585302986521261,-0.615484839356344,-0.532771269801841,-0.581663755379138,-0.58157906252552,-0.608200188206946,-0.625500347701576,-0.607657843091622,-0.601012154662438,-0.642309887804987,-0.752786492942226,-0.775471048176633,-0.73942213012394,-0.758177463340886,-0.684270303301764,-0.637639512705212,-0.65935500547248,-0.594215338666191,-0.597722126360174,-0.567990131130796,-0.568891380951744,-0.60062415560432
"91",91,-0.314423956563772,-0.396759373249591,-0.428753542715783,-0.380338227379402,-0.157146682873799,-0.255423009491051,-0.300690369198018,-0.298842089198455,-0.435472422961619,-0.48050261764412,-0.59612080410736,-0.503372530650918,-0.596935998409692,-0.456463308620628,-0.430313254732978,-0.405818508318017,-0.465554583281165,-0.363548304386637,-0.438245348608134,-0.478401042444602,-0.531683096234591,-0.552454084255575,-0.479860144936405,-0.514825463903132,-0.524745183239643,-0.518547305247047,-0.548205373589922,-0.571673731659525,-0.612258101022949,-0.531526741258375,-0.578614514154879,-0.574844459826188,-0.601181797216505,-0.618390849993174,-0.601012154662438,-0.594642728616064,-0.634761415916768,-0.753576485621672,-0.77602213446231,-0.740484337949605,-0.759069534513156,-0.686682461995137,-0.640612152971402,-0.660807365693549,-0.592483388202112,-0.596029515560908,-0.566691691579586,-0.567649488292322
"92",92,0.317401231049255,0.00213178948722995,-0.12481574047829,-0.210090509512808,-0.259826751810845,-0.156444107952705,-0.244200825179104,-0.136621019282104,-0.162733354326224,-0.293726217576784,-0.353578960095996,-0.465334527316261,-0.408911495193159,-0.498527002882659,-0.390946808635755,-0.384994638130004,-0.379504700948165,-0.442954030919189,-0.362026642377652,-0.432509034788211,-0.478215704656555,-0.533711325450674,-0.562588529599776,-0.507220376684064,-0.546865023882689,-0.565480353365809,-0.569987829615197,-0.604349689854107,-0.633387677226701,-0.609712578579714,-0.538211896492016,-0.58345908498017,-0.582088028143306,-0.610959893125226,-0.631830632332584,-0.621744418894593,-0.62149512844558,-0.660107639496538,-0.719796438898901,-0.743715061176876,-0.714740840974378,-0.735079064907148,-0.666329631423701,-0.626078718592552,-0.646245034079565,-0.58530033623264,-0.591514445655028,-0.566688583122911
"93",93,-0.373888951753691,-0.0462933537189003,-0.2372742358205,-0.222978705788244,-0.204970413829516,-0.252502223111356,-0.153332233878739,-0.203835148395646,-0.138573613773631,-0.163874768278751,-0.281469457034546,-0.339788478651298,-0.44595462355691,-0.392107157270592,-0.473899587067491,-0.371145234146462,-0.365985256276724,-0.361217490900692,-0.423210844637081,-0.345238572482089,-0.411955384433035,-0.456950283763833,-0.511307951328673,-0.53999700002485,-0.486588239121098,-0.525702564609422,-0.544364145264023,-0.549233167536624,-0.583208245845052,-0.612005537479454,-0.596758712904692,-0.527192009311419,-0.570865155457195,-0.566527284651315,-0.595117193253109,-0.615888094550458,-0.60626636113726,-0.606294788571651,-0.643857129257873,-0.710975052520743,-0.734678144036186,-0.70631384057761,-0.726506224463547,-0.659468228335934,-0.619908874622803,-0.638777873681876,-0.575318055344354,-0.581603089506424
"94",94,-0.206369506665618,-0.481589040594464,-0.12395290484315,-0.371277769133549,-0.433419040816813,-0.387379856317334,-0.420354719299034,-0.312290873113954,-0.332137820095263,-0.267144006632485,-0.285164047651999,-0.387890146470378,-0.440091639665194,-0.538403949711731,-0.481416075345217,-0.555141820061277,-0.450539863855545,-0.442697264552563,-0.43538680642837,-0.493696627212869,-0.414380329123823,-0.476572086944484,-0.518966606214068,-0.570705411339092,-0.597380394693244,-0.542764043506049,-0.579866472626466,-0.596858866397722,-0.600246069605477,-0.632534384316955,-0.659778621996224,-0.643394605297602,-0.573090480674739,-0.615126416759047,-0.609184734893577,-0.636595194775726,-0.656299295290826,-0.645830676362619,-0.644981759736688,-0.681387530253379,-0.747459091514609,-0.770250299778202,-0.741208659224772,-0.760549307301702,-0.693081548089674,-0.653014864060321,-0.671162413166241,-0.607110086869821
"95",95,0.121238320893894,-0.120905264087012,-0.366553937204138,-0.0618463554754032,-0.278211414137908,-0.293833259617128,-0.221320587456067,-0.258768083617279,-0.167253184892514,-0.183147890653509,-0.161885672984575,-0.182634654124688,-0.280513899070995,-0.333256455042887,-0.428480798153839,-0.378629070557318,-0.449450342248661,-0.355249530851917,-0.350472934875217,-0.346027319431133,-0.403805030497337,-0.331328210825458,-0.392273555866317,-0.43469448852878,-0.485876436607839,-0.513157074437524,-0.463376154714671,-0.500485256751991,-0.518367196743241,-0.523237227674928,-0.555591718619546,-0.583083719924024,-0.575744109573251,-0.510093417127677,-0.551451119103631,-0.545895268188307,-0.573329604827508,-0.593322533171332,-0.584297642756444,-0.584469954276922,-0.620371251361164,-0.692844484252368,-0.715614035302829,-0.688384459765628,-0.707796227215987,-0.644203076158022,-0.606120035807767,-0.623980495071488
"96",96,0.147623358190635,0.276151618169605,-0.302401471493464,-0.524606300264391,-0.218810662040426,-0.393758818542095,-0.340208038121442,-0.204145974770303,-0.240874988575965,-0.153462957436426,-0.143873197830666,-0.155785826900892,-0.176212669688788,-0.264165950928186,-0.315856238622186,-0.406886042226773,-0.359163197630645,-0.42397658889733,-0.333727948505764,-0.329632061891124,-0.325815238233926,-0.382451400516452,-0.312500045471709,-0.370431412555215,-0.412284991278687,-0.462545898707359,-0.489678191974477,-0.441576642323443,-0.478253112312122,-0.496183089477053,-0.501370179623813,-0.533405436627098,-0.560699278497188,-0.560858371636182,-0.49698349015093,-0.537007044044711,-0.528954503029154,-0.556149744775679,-0.576061793540641,-0.567460818275449,-0.567889931088957,-0.602889420909962,-0.682184234359572,-0.704768068413543,-0.678120046822504,-0.697408550951426,-0.635455366841781,-0.598043694681477
"97",97,-0.0983864006493924,0.0714813083330284,-0.0706552137574129,-0.00857922089154695,-0.218896726952837,0.00881747434567769,-0.163255940360901,-0.139783240087508,-0.0440527306397791,-0.0949555903598337,-0.0344797840875437,-0.0384503380683594,-0.0298942727187452,-0.0580543281137404,-0.146429591558563,-0.201640713600408,-0.29122180144043,-0.255429201800117,-0.320393664041809,-0.243522300070068,-0.24604561045105,-0.248555606220524,-0.305685691752406,-0.245603416874309,-0.302853083625078,-0.34596395934366,-0.396340683804107,-0.425720887932615,-0.385494993669975,-0.423205827531053,-0.443815981019112,-0.452689499602544,-0.485800167114714,-0.514515223603857,-0.502435420824505,-0.444707657251982,-0.484238088062329,-0.479080080646504,-0.506967039649767,-0.5280766592132,-0.52264706693653,-0.525581911411126,-0.560084882491113,-0.623045002483863,-0.646058154676954,-0.622830186720468,-0.642700779321529,-0.584681353245725
"98",98,-0.295798303330732,-0.204567614673058,-0.209045561581316,-0.318731177794281,-0.236976945906953,-0.412336595047507,-0.178783147955327,-0.32541576624007,-0.274105090568777,-0.131963216055834,-0.178038654291215,-0.116452476563585,-0.0919873438745586,-0.0945796122957802,-0.120152431625732,-0.196758549108201,-0.249310118943691,-0.333555779232927,-0.297421146593948,-0.355305413477545,-0.27899187396063,-0.280819362783466,-0.282667456913229,-0.337836856601895,-0.278017305434196,-0.331327974402525,-0.373210546088977,-0.42212536169826,-0.450732689343807,-0.410570940636651,-0.447353415418096,-0.467413305430319,-0.475909140147797,-0.50828475497979,-0.536385455887608,-0.526593143416944,-0.469031123903671,-0.506925028691877,-0.498690824420294,-0.526050195418356,-0.546761932566263,-0.541195448539101,-0.543935934820361,-0.57731650040504,-0.642831549308306,-0.665453878853325,-0.64215846443423,-0.661693779425561
"99",99,-0.361986207422706,-0.547781541153271,-0.34219749488411,-0.449292020299204,-0.513720507505263,-0.409242499569213,-0.552505782358273,-0.315641287792825,-0.452019106868473,-0.408127066302897,-0.24623290019173,-0.285854167747725,-0.221395093470458,-0.175709954112235,-0.181250917776444,-0.203255556625565,-0.26943663897085,-0.318583717050307,-0.397427354433311,-0.360086294683898,-0.411519993853153,-0.334790043385823,-0.335304388391716,-0.335898232902254,-0.388700701282641,-0.328454902338476,-0.377995173235843,-0.418263371674299,-0.465422836388821,-0.49287501637452,-0.452243584044432,-0.487780747568318,-0.50692682052591,-0.514665688724611,-0.546020463656239,-0.573216210004895,-0.563617240775983,-0.505745505879317,-0.542104367377165,-0.531474030335113,-0.558098127628014,-0.578188573559079,-0.572210114529222,-0.574503022066402,-0.606795388249739,-0.672726208474736,-0.694791448730081,-0.67116565886859
"100",100,0.073518181045367,-0.638952277286129,-0.679699821341515,-0.404961265894512,-0.583202621552744,-0.589476766158609,-0.496292020413706,-0.602421198611838,-0.375657963583862,-0.506571577736877,-0.503925873414992,-0.363393194919657,-0.393887297076855,-0.32443129658069,-0.274840288072582,-0.276052041572923,-0.29294963338781,-0.35267708234294,-0.397269324089788,-0.471210359385721,-0.431569023114705,-0.478927505909112,-0.400965331210458,-0.399213438858253,-0.397632379470363,-0.447518644463394,-0.386254831793755,-0.433144979377295,-0.471188363378633,-0.516189868610571,-0.541825530009131,-0.500178981980582,-0.533941102180597,-0.55153696810362,-0.557879735513318,-0.587709035407216,-0.613471040146087,-0.60275978849573,-0.544358836167342,-0.579675411406148,-0.568832665444771,-0.594356020788082,-0.613422646691559,-0.606618700315923,-0.608047050980722,-0.639531872610065,-0.704103259333692,-0.725304137130199
