"","acf","acf_ws3","acf_ws4","acf_ws5","acf_ws6","acf_ws7","acf_ws8","acf_ws9","acf_ws10","acf_ws11","acf_ws12","acf_ws13","acf_ws14","acf_ws15","acf_ws16","acf_ws17","acf_ws18","acf_ws19","acf_ws20","acf_ws21","acf_ws22","acf_ws23","acf_ws24","acf_ws25","acf_ws26","acf_ws27","acf_ws28","acf_ws29","acf_ws30","acf_ws31","acf_ws32","acf_ws33","acf_ws34","acf_ws35","acf_ws36","acf_ws37","acf_ws38","acf_ws39","acf_ws40","acf_ws41","acf_ws42","acf_ws43","acf_ws44","acf_ws45","acf_ws46","acf_ws47","acf_ws48","acf_ws49","acf_ws50"
"1",1,NA,NA,NA,NA,NA,NA,NA,NA,NA,NA,NA,NA,NA,NA,NA,NA,NA,NA,NA,NA,NA,NA,NA,NA,NA,NA,NA,NA,NA,NA,NA,NA,NA,NA,NA,NA,NA,NA,NA,NA,NA,NA,NA,NA,NA,NA,NA,NA
"2",2,NA,NA,NA,NA,NA,NA,NA,NA,NA,NA,NA,NA,NA,NA,NA,NA,NA,NA,NA,NA,NA,NA,NA,NA,NA,NA,NA,NA,NA,NA,NA,NA,NA,NA,NA,NA,NA,NA,NA,NA,NA,NA,NA,NA,NA,NA,NA,NA
"3",3,-0.565326633165821,NA,NA,NA,NA,NA,NA,NA,NA,NA,NA,NA,NA,NA,NA,NA,NA,NA,NA,NA,NA,NA,NA,NA,NA,NA,NA,NA,NA,NA,NA,NA,NA,NA,NA,NA,NA,NA,NA,NA,NA,NA,NA,NA,NA,NA,NA,NA
"4",4,-0.124687319607486,-0.508008587559333,NA,NA,NA,NA,NA,NA,NA,NA,NA,NA,NA,NA,NA,NA,NA,NA,NA,NA,NA,NA,NA,NA,NA,NA,NA,NA,NA,NA,NA,NA,NA,NA,NA,NA,NA,NA,NA,NA,NA,NA,NA,NA,NA,NA,NA,NA
"5",5,-0.21409668514589,-0.249411267185244,-0.494784182526156,NA,NA,NA,NA,NA,NA,NA,NA,NA,NA,NA,NA,NA,NA,NA,NA,NA,NA,NA,NA,NA,NA,NA,NA,NA,NA,NA,NA,NA,NA,NA,NA,NA,NA,NA,NA,NA,NA,NA,NA,NA,NA,NA,NA,NA
"6",6,-0.65636216691621,-0.404677995558588,-0.435996904097408,-0.541134017524863,NA,NA,NA,NA,NA,NA,NA,NA,NA,NA,NA,NA,NA,NA,NA,NA,NA,NA,NA,NA,NA,NA,NA,NA,NA,NA,NA,NA,NA,NA,NA,NA,NA,NA,NA,NA,NA,NA,NA,NA,NA,NA,NA,NA
"7",7,-0.100596638855244,-0.384367012734267,-0.278185535571947,-0.301761494737957,-0.481986077284996,NA,NA,NA,NA,NA,NA,NA,NA,NA,NA,NA,NA,NA,NA,NA,NA,NA,NA,NA,NA,NA,NA,NA,NA,NA,NA,NA,NA,NA,NA,NA,NA,NA,NA,NA,NA,NA,NA,NA,NA,NA,NA,NA
"8",8,-0.194363459669579,-0.202564005739774,-0.257865533045744,-0.188004498539794,-0.203834635059771,-0.273414079761405,NA,NA,NA,NA,NA,NA,NA,NA,NA,NA,NA,NA,NA,NA,NA,NA,NA,NA,NA,NA,NA,NA,NA,NA,NA,NA,NA,NA,NA,NA,NA,NA,NA,NA,NA,NA,NA,NA,NA,NA,NA,NA
"9",9,-0.269905533063417,0.167908215161849,0.200404351776519,0.160123987208919,0.242928503586898,0.22591157571742,0.13148034607262,NA,NA,NA,NA,NA,NA,NA,NA,NA,NA,NA,NA,NA,NA,NA,NA,NA,NA,NA,NA,NA,NA,NA,NA,NA,NA,NA,NA,NA,NA,NA,NA,NA,NA,NA,NA,NA,NA,NA,NA,NA
"10",10,-0.0837731405585139,-0.251531856016532,-0.010165378427473,-0.0180141925640275,-0.00520405814020092,0.0812758092782357,0.0522454707833505,0.0166583907947239,NA,NA,NA,NA,NA,NA,NA,NA,NA,NA,NA,NA,NA,NA,NA,NA,NA,NA,NA,NA,NA,NA,NA,NA,NA,NA,NA,NA,NA,NA,NA,NA,NA,NA,NA,NA,NA,NA,NA,NA
"11",11,-0.629330875009606,-0.417167402688318,-0.499671936521786,-0.245528878437589,-0.219584818755631,-0.192677018318547,-0.106185223557477,-0.110283063442314,-0.120594850530477,NA,NA,NA,NA,NA,NA,NA,NA,NA,NA,NA,NA,NA,NA,NA,NA,NA,NA,NA,NA,NA,NA,NA,NA,NA,NA,NA,NA,NA,NA,NA,NA,NA,NA,NA,NA,NA,NA,NA
"12",12,-0.614625127842039,-0.79322366900379,-0.556787058214393,-0.569401410031888,-0.312745164989096,-0.290269719199215,-0.237382935237519,-0.136000651157417,-0.142610151236805,-0.130216574731753,NA,NA,NA,NA,NA,NA,NA,NA,NA,NA,NA,NA,NA,NA,NA,NA,NA,NA,NA,NA,NA,NA,NA,NA,NA,NA,NA,NA,NA,NA,NA,NA,NA,NA,NA,NA,NA,NA
"13",13,-0.663802542009834,-0.644509856208093,-0.743688272395296,-0.596315167593764,-0.594011262674024,-0.335196427943524,-0.296869982230403,-0.242800710147495,-0.142819605735243,-0.138707261626871,-0.125575026450524,NA,NA,NA,NA,NA,NA,NA,NA,NA,NA,NA,NA,NA,NA,NA,NA,NA,NA,NA,NA,NA,NA,NA,NA,NA,NA,NA,NA,NA,NA,NA,NA,NA,NA,NA,NA,NA
"14",14,-0.557696235278115,-0.765536994279929,-0.645542897229632,-0.762854078331403,-0.628156557016324,-0.595174575805504,-0.318134024776909,-0.273083431673631,-0.206554669199589,-0.0963652877765102,-0.0891104098870997,-0.0704388780617873,NA,NA,NA,NA,NA,NA,NA,NA,NA,NA,NA,NA,NA,NA,NA,NA,NA,NA,NA,NA,NA,NA,NA,NA,NA,NA,NA,NA,NA,NA,NA,NA,NA,NA,NA,NA
"15",15,-0.116912393627049,-0.501792017940994,-0.67134365204399,-0.638093679019441,-0.756599219709182,-0.612026520806786,-0.591631397274153,-0.318090948155806,-0.272249814385419,-0.203331405328777,-0.0898528098963957,-0.0808538292589835,-0.059935960212365,NA,NA,NA,NA,NA,NA,NA,NA,NA,NA,NA,NA,NA,NA,NA,NA,NA,NA,NA,NA,NA,NA,NA,NA,NA,NA,NA,NA,NA,NA,NA,NA,NA,NA,NA
"16",16,-0.12136913452749,0.0485478977026315,-0.147487595022502,-0.311864813100458,-0.450495023304006,-0.568316769998004,-0.435446143688758,-0.472633905356243,-0.275578639756773,-0.247456008088419,-0.1937164810968,-0.0963058681197535,-0.092689263957699,-0.0713055308350567,NA,NA,NA,NA,NA,NA,NA,NA,NA,NA,NA,NA,NA,NA,NA,NA,NA,NA,NA,NA,NA,NA,NA,NA,NA,NA,NA,NA,NA,NA,NA,NA,NA,NA
"17",17,-0.376333451674483,0.148366181358592,0.274260692813814,0.0960734377210595,-0.0797680877374513,-0.299098978354208,-0.412281281231284,-0.275056426051563,-0.355432652756565,-0.201142692440046,-0.18188817953058,-0.145730062384091,-0.0620972983417683,-0.0609418440355757,-0.0496866919658869,NA,NA,NA,NA,NA,NA,NA,NA,NA,NA,NA,NA,NA,NA,NA,NA,NA,NA,NA,NA,NA,NA,NA,NA,NA,NA,NA,NA,NA,NA,NA,NA,NA
"18",18,-0.0352250489236892,-0.243488237002617,0.0237284799297686,0.235265595991304,0.0330582613398614,-0.0934339492683667,-0.326740635962053,-0.427012435343974,-0.282046886021891,-0.370075705229589,-0.21744911600801,-0.196888551190099,-0.161999086520531,-0.0780909737236999,-0.0751153035198393,-0.0639710110891411,NA,NA,NA,NA,NA,NA,NA,NA,NA,NA,NA,NA,NA,NA,NA,NA,NA,NA,NA,NA,NA,NA,NA,NA,NA,NA,NA,NA,NA,NA,NA,NA
"19",19,-0.43076559003414,-0.412012410219337,-0.445811240721098,-0.250827333668408,-0.0166483545762245,-0.0582746261277983,-0.114748944579167,-0.245761938494978,-0.329060768757884,-0.218190086896314,-0.284175668564589,-0.193151620472971,-0.1873780958395,-0.164646130248988,-0.104933110771206,-0.108227960367937,-0.0957500489144707,NA,NA,NA,NA,NA,NA,NA,NA,NA,NA,NA,NA,NA,NA,NA,NA,NA,NA,NA,NA,NA,NA,NA,NA,NA,NA,NA,NA,NA,NA,NA
"20",20,-0.591602598311438,-0.638128343153709,-0.586592695621519,-0.592682325193181,-0.518578547727953,-0.296943639617576,-0.359430011398609,-0.326716525429401,-0.437454025740395,-0.481551178469517,-0.373048000828796,-0.430543799903174,-0.339502220824372,-0.329074608158811,-0.303868125913682,-0.244368613233129,-0.242984497598542,-0.223734116498843,NA,NA,NA,NA,NA,NA,NA,NA,NA,NA,NA,NA,NA,NA,NA,NA,NA,NA,NA,NA,NA,NA,NA,NA,NA,NA,NA,NA,NA,NA
"21",21,-0.480463570144048,-0.613293987361251,-0.624564678094257,-0.530546774748844,-0.560496818451323,-0.508645933995148,-0.322060197115751,-0.374855596124502,-0.357516266008071,-0.451166803682318,-0.502038575719263,-0.398402381832669,-0.445961027059299,-0.349961212692247,-0.339045103448994,-0.308361948027612,-0.244659917891869,-0.243142522895141,-0.218351977253105,NA,NA,NA,NA,NA,NA,NA,NA,NA,NA,NA,NA,NA,NA,NA,NA,NA,NA,NA,NA,NA,NA,NA,NA,NA,NA,NA,NA,NA
"22",22,-0.00145772594752259,-0.280257653584061,-0.426941373268589,-0.433633831543059,-0.407526807715923,-0.433915144423498,-0.377571783598669,-0.234019171590771,-0.25525737953488,-0.249855428898492,-0.326004726762457,-0.373533111459991,-0.287056675452232,-0.331659800819735,-0.270366946332276,-0.267411236211191,-0.249543772466375,-0.204501490427011,-0.206890105278446,-0.190808553722396,NA,NA,NA,NA,NA,NA,NA,NA,NA,NA,NA,NA,NA,NA,NA,NA,NA,NA,NA,NA,NA,NA,NA,NA,NA,NA,NA,NA
"23",23,-0.598150782361295,0.109153577807078,-0.261249120596942,-0.378529522890782,-0.385292399676635,-0.373650996517327,-0.386598193353665,-0.316040264534531,-0.159761395254334,-0.177838578506183,-0.167359469798505,-0.253560241110787,-0.297224226888679,-0.206542217702273,-0.259626979321296,-0.2096481861633,-0.208475634315813,-0.198298928355776,-0.160249215475191,-0.163225823471431,-0.155347776145592,NA,NA,NA,NA,NA,NA,NA,NA,NA,NA,NA,NA,NA,NA,NA,NA,NA,NA,NA,NA,NA,NA,NA,NA,NA,NA,NA
"24",24,-4.66722673315917e-05,-0.180736761320014,0.0928360293689735,-0.269509232422964,-0.360734345912178,-0.376724605001845,-0.361022143736101,-0.373822212115512,-0.317847888100145,-0.173858387938908,-0.19842914363837,-0.182826339421103,-0.271284742138054,-0.310150339511055,-0.220451163264073,-0.275081152587034,-0.224525995827217,-0.222103579035214,-0.21206963945876,-0.173515648442632,-0.175278180122283,-0.167292515844252,NA,NA,NA,NA,NA,NA,NA,NA,NA,NA,NA,NA,NA,NA,NA,NA,NA,NA,NA,NA,NA,NA,NA,NA,NA,NA
"25",25,-0.235930567951007,0.234041441300192,0.109432240501249,0.158515147508692,-0.194048872645511,-0.283564653191594,-0.300867261628959,-0.27788249468047,-0.297451467954731,-0.257011481616084,-0.140975395319124,-0.168494580257161,-0.163873859383968,-0.251693138576432,-0.292485548575474,-0.209188593899302,-0.263172066125608,-0.210705579473565,-0.20729385443406,-0.196172283565676,-0.156166749819377,-0.157183928930517,-0.148576764603649,NA,NA,NA,NA,NA,NA,NA,NA,NA,NA,NA,NA,NA,NA,NA,NA,NA,NA,NA,NA,NA,NA,NA,NA,NA
"26",26,-0.0990844920486141,-0.258840672520599,0.21648932568764,0.0697070698345566,0.106411250933739,-0.205750652998538,-0.302857405002908,-0.316447990342925,-0.291056682589098,-0.313680921211027,-0.273946828557043,-0.158565350127501,-0.1817210685142,-0.177318986790082,-0.25950474394082,-0.301357096239961,-0.217521148262439,-0.268334264816177,-0.217430871487109,-0.214975222944562,-0.203323454328093,-0.163752159171408,-0.165396135048301,-0.155424126258489,NA,NA,NA,NA,NA,NA,NA,NA,NA,NA,NA,NA,NA,NA,NA,NA,NA,NA,NA,NA,NA,NA,NA,NA
"27",27,-0.634821786615538,-0.138214968386839,-0.370761871426786,0.146630744891845,0.0483386238365161,0.0958940152463219,-0.220999845912036,-0.307947855652804,-0.323647625464858,-0.297117294316171,-0.31748114946413,-0.27996345192797,-0.164662849306302,-0.190089036235398,-0.182247097475075,-0.266342233373009,-0.306031746390584,-0.221042384458042,-0.273244929680937,-0.222620315185262,-0.219794343936556,-0.20860418628544,-0.169018154126245,-0.170192224825864,-0.160507894677615,NA,NA,NA,NA,NA,NA,NA,NA,NA,NA,NA,NA,NA,NA,NA,NA,NA,NA,NA,NA,NA,NA,NA
"28",28,-0.614836271005269,-0.708761271844338,-0.182918828373842,-0.371057463639315,0.146711923748727,0.0438812183975456,0.079387771657208,-0.22289608303015,-0.313048282378322,-0.327209299031762,-0.298973899778976,-0.321027640303505,-0.284469553409767,-0.170413469641179,-0.193931773197034,-0.186636219776521,-0.268353466471287,-0.308714521112788,-0.223262570120633,-0.274132506765117,-0.22433825970419,-0.221992917810496,-0.210597932949063,-0.171168014248086,-0.172631851600201,-0.162304236030901,NA,NA,NA,NA,NA,NA,NA,NA,NA,NA,NA,NA,NA,NA,NA,NA,NA,NA,NA,NA,NA,NA
"29",29,-0.111872146118677,-0.47657727350861,-0.542935648046922,-0.0304283126820872,-0.266696380206356,0.149515907819492,0.0439162136887336,0.081393124115804,-0.220020694812962,-0.310860580581231,-0.324708032304948,-0.297772519495718,-0.319760641138498,-0.282166683748661,-0.166613321731961,-0.188514648682608,-0.180295699052937,-0.261662078768447,-0.30174023449703,-0.215058332310321,-0.266099009125414,-0.218468048809744,-0.216720730610341,-0.206317436267555,-0.168072984316245,-0.169849592725972,-0.160291842364752,NA,NA,NA,NA,NA,NA,NA,NA,NA,NA,NA,NA,NA,NA,NA,NA,NA,NA,NA,NA,NA
"30",30,-0.204597243423805,-0.245692692351347,-0.388687277730154,-0.474533116545723,-0.149934070409056,-0.343339700522514,0.0877506265664097,0.026853615915621,0.0671038481322907,-0.22672171989795,-0.305102201102672,-0.320598444955148,-0.292200140979648,-0.311782422657291,-0.279235049061697,-0.170630153753661,-0.195619865071641,-0.186110633328531,-0.268223417206941,-0.305928001087378,-0.221113132352551,-0.272771542234433,-0.224643283335463,-0.222052008480816,-0.21160097887519,-0.172961293272445,-0.173922417992748,-0.164273238164425,NA,NA,NA,NA,NA,NA,NA,NA,NA,NA,NA,NA,NA,NA,NA,NA,NA,NA,NA,NA
"31",31,-0.575149729061675,-0.558759366404215,-0.551607599264139,-0.578185289747082,-0.60724496220895,-0.336939235699023,-0.421639930392749,0.00284673710831205,-0.0759551165898488,-0.0130115647831947,-0.256610540535875,-0.339227942161355,-0.350749281325763,-0.322976279232536,-0.344013347916376,-0.310857058018363,-0.201479562062416,-0.220620922286657,-0.209235963162341,-0.282914437567258,-0.320500783950379,-0.236097425644064,-0.282881630089871,-0.237667501064304,-0.23639450133083,-0.225625299214155,-0.188534291274769,-0.190421885288356,-0.179310097124691,NA,NA,NA,NA,NA,NA,NA,NA,NA,NA,NA,NA,NA,NA,NA,NA,NA,NA,NA
"32",32,-0.666476358128873,-0.77955985057652,-0.7226016301003,-0.708687865351029,-0.72553731504476,-0.721396534619484,-0.490499300814251,-0.563820350598506,-0.108417155999313,-0.155564290761381,-0.0644785766410741,-0.297748762996083,-0.367059613131545,-0.380434354358459,-0.352129936050745,-0.369121698842825,-0.338104912721715,-0.227837235302515,-0.249950961138432,-0.23217279733406,-0.306693761997205,-0.340206400497852,-0.255245123447966,-0.302846299476299,-0.257502211060965,-0.255466493983114,-0.244865154519102,-0.207644998187489,-0.20872751042414,-0.197426370318605,NA,NA,NA,NA,NA,NA,NA,NA,NA,NA,NA,NA,NA,NA,NA,NA,NA,NA
"33",33,-7.98528710845514e-05,0.0116067620052555,-0.0451594367203265,0.0128044295428973,0.0161465439735607,-0.00902023554471454,-0.0282189416589271,-0.00274036794029353,-0.0666286110669621,0.0724103984507135,0.0748390180805796,0.0772827001014111,-0.121641507900696,-0.163161607658487,-0.176170337378322,-0.154484480008641,-0.166907210229855,-0.153586812945838,-0.0990701350151573,-0.123399320609697,-0.126938921717354,-0.195574446013477,-0.226054870421332,-0.168535198396723,-0.213603962398054,-0.173098508400331,-0.168944139186672,-0.160828021316099,-0.127768499377241,-0.126748497404043,-0.120115426285298,NA,NA,NA,NA,NA,NA,NA,NA,NA,NA,NA,NA,NA,NA,NA,NA,NA
"34",34,-0.0582072176949701,0.269432594147393,0.378883553516558,0.336375757609284,0.3915632463803,0.411094785691612,0.384340551847822,0.38485105538158,0.3865645801498,0.325493165403674,0.34342929634437,0.366388305925238,0.328606789777195,0.141364855416716,0.119554636173884,0.107020363205559,0.121519182769631,0.114061509695377,0.117982580606986,0.131774590606915,0.107117585989707,0.0828927631881005,0.0174975517843064,-0.0109495957885451,0.0198442628888884,-0.0245303699422902,0.00894378418043798,0.0148957162114926,0.0186098243413202,0.0457318877212454,0.0486165281028611,0.0473283689363887,NA,NA,NA,NA,NA,NA,NA,NA,NA,NA,NA,NA,NA,NA,NA,NA
"35",35,-0.251385004542453,-0.27083709998192,0.0118428860119102,0.0529743911997822,0.0822891082763826,0.158038856568273,0.175767344975352,0.187872226881788,0.180767573774342,0.18015106519262,0.156263686039256,0.237562905794078,0.256082287728733,0.216443404909586,0.0689622963103555,0.0427435816667121,0.0356238582018648,0.056651930995184,0.04713668532273,0.0499634467875032,0.0625130875294933,0.0420714346422202,0.0172377370270831,-0.0386486481434777,-0.0688615007989527,-0.0386763971381121,-0.0761161694663314,-0.0400649037205865,-0.0343011355005586,-0.0267225778491674,0.00277503511430521,0.00538668797055729,0.00940680412983515,NA,NA,NA,NA,NA,NA,NA,NA,NA,NA,NA,NA,NA,NA,NA
"36",36,-0.509770627713258,-0.152156552152927,-0.23419088334979,-0.0367641065410909,0.00814811964507286,0.0250880438548386,0.0973141844733563,0.116739608167299,0.125637581382445,0.123791665156904,0.124531485732337,0.0989325714795385,0.185646519667448,0.209588701624751,0.18024723006713,0.036209049972048,0.0156346635740513,0.00777884760859263,0.0289280774918858,0.0217812647554899,0.0245575384253315,0.039132168181438,0.0172114082780711,-0.0035007018407788,-0.0594409334506624,-0.0867236781337421,-0.0565855557577361,-0.0941546481491264,-0.0579601486138702,-0.051570846288578,-0.0439643216947941,-0.0143678539586468,-0.0111095713277578,-0.00678884252303509,NA,NA,NA,NA,NA,NA,NA,NA,NA,NA,NA,NA,NA,NA
"37",37,-0.402634885063298,-0.535805064275805,-0.133229460482257,-0.20242862191659,-0.0366567887423424,0.00012390615484057,0.0203653052907128,0.095049626035802,0.115470939852551,0.128446730664558,0.126862175206112,0.126907749953449,0.104555680122353,0.195621887859384,0.2219337072806,0.188593192361473,0.0465792463943581,0.0268811127338928,0.0198983088026042,0.0425892570769887,0.0357388341616131,0.0378265247378851,0.0494941902778444,0.0276070009627334,0.00476636758613676,-0.0505378561930419,-0.0783043685960506,-0.0498873337612435,-0.0868815257603903,-0.0498015533603384,-0.0429633880008212,-0.0347148668590793,-0.00438506701565928,-0.000754589175628174,0.00406122643237908,NA,NA,NA,NA,NA,NA,NA,NA,NA,NA,NA,NA,NA
"38",38,-0.514631421518334,-0.287237163446355,-0.510844969369175,-0.165608236824312,-0.246687387733129,-0.0752896009433428,-0.0239977694971525,-0.00188969350849905,0.0758690402650671,0.100825977262497,0.114987186732395,0.119507328992508,0.119501866305155,0.0985890131357864,0.186960032447363,0.219199890555811,0.189897798992831,0.0540325454121417,0.0409414708477474,0.0340405052862222,0.0565672849042495,0.0523307295040415,0.0536805532771535,0.0626089766917971,0.0399291796084601,0.0179554133039162,-0.0362691976102945,-0.0613004873004337,-0.0365158143298926,-0.072960507757413,-0.0363829686877951,-0.0286522806653606,-0.0206412810959349,0.00918385513175327,0.0136872290737161,0.0180022542026505,NA,NA,NA,NA,NA,NA,NA,NA,NA,NA,NA,NA
"39",39,-0.0589031359835026,0.0992482263574965,0.0310075311689224,-0.340041330446763,-0.103731202634186,-0.184949026586898,-0.0207711787520194,0.0464439831326369,0.069773562669111,0.148635696013765,0.17870644137519,0.192064175604961,0.202659074048032,0.202701223836051,0.180936350067116,0.250153253492932,0.28759927914663,0.256227257242544,0.122010210181765,0.1153989292506,0.108704943311943,0.129847801116129,0.128201620457679,0.128684749651815,0.131254561573645,0.108301515717332,0.0838197438829247,0.0302393806415792,0.00732035874457059,0.0258968809797947,-0.0104411697591573,0.0244870868633143,0.0331658480096119,0.040049806504193,0.0684031891388058,0.0738446176972458,0.0760158217018006,NA,NA,NA,NA,NA,NA,NA,NA,NA,NA,NA
"40",40,-0.364763021269451,-0.199647283126814,-0.105728939491882,0.0210967127901076,-0.384842140535318,-0.147756589279866,-0.213374910536065,-0.0296506760247165,0.0389193015494799,0.0718090609390888,0.157859739602534,0.191549503989071,0.21053256470206,0.22307725566557,0.223321416457634,0.205176660175061,0.276501795118647,0.317035450805369,0.281405853823181,0.148265428917633,0.143228425480952,0.137707123416306,0.160355095155199,0.159472697014276,0.159580549956938,0.15868096378042,0.135947115953221,0.108694380839498,0.055666968170562,0.0323917810947837,0.0484520091282001,0.0126397585953795,0.0484416127131743,0.0578314015968125,0.0652563078444449,0.0942554296193238,0.100279041702439,0.102530542143237,NA,NA,NA,NA,NA,NA,NA,NA,NA,NA
"41",41,-0.127301167127914,0.151906503003376,-0.0297390902793788,-0.000150580865690379,0.0294032711138729,-0.371983561923469,-0.122947101515683,-0.187890234946682,-0.0241424534865198,0.0405442545165904,0.0721299302452686,0.157901581777106,0.191944838196107,0.211636293043831,0.224892549585091,0.225248064667578,0.207729517466692,0.27995204018857,0.322194145951651,0.286087404914171,0.153217251299972,0.149468510460301,0.144280456340177,0.167589908318385,0.167365563441233,0.167378243580756,0.16552824812519,0.142614798553215,0.114893434576399,0.0619415922263513,0.0389672974590195,0.0541311571682656,0.018431334973743,0.0547045457600774,0.0645247671061132,0.0722089191741848,0.10158293659438,0.107995406604348,0.110364701379602,NA,NA,NA,NA,NA,NA,NA,NA,NA
"42",42,-0.603062426381482,-0.0508360453372259,0.293712246528977,0.0393731328503254,0.049663410770845,0.0277839985299478,-0.365372445428935,-0.10729219646382,-0.173117036266536,-0.0223441030499775,0.0409585932406991,0.0712889301514928,0.157098222372567,0.191769931009392,0.21174644787522,0.226064996230726,0.226596923230459,0.20924836143417,0.281792562516121,0.325885986351426,0.290022553993366,0.157252392220065,0.155123102294145,0.150125481593188,0.173903240021353,0.174477580051582,0.174439733020932,0.171899836789993,0.148691818259257,0.120886540259153,0.0679139336767301,0.0455166014316264,0.0598173422829813,0.0241371902678783,0.0607630585406752,0.0710331017080294,0.0788738249595167,0.108512877954661,0.115339509328725,0.11772190599041,NA,NA,NA,NA,NA,NA,NA,NA
"43",43,-0.117719470669407,-0.0222132796781339,-0.0797210162311241,0.0391067533008485,-0.100984325566833,-0.0550632469296814,-0.0165337687874431,-0.319806887006586,-0.119323680331432,-0.186245219992092,-0.0388677598183458,0.0314484242576854,0.062094749087647,0.145836716906621,0.18202297529413,0.202053284803538,0.219783945620724,0.221045961408164,0.205520554966795,0.27404483987167,0.320051565873131,0.289830106079145,0.165539129599111,0.168253636121962,0.163426602851045,0.186171802845988,0.188825460443816,0.18879831165631,0.185784829920587,0.162717912622771,0.137384788029357,0.0863682443044143,0.0671849558129049,0.0789310492673662,0.0442808438796502,0.0793922748198665,0.0901827549628172,0.0974285365136655,0.125804292921288,0.133228210408142,0.1349161229097,NA,NA,NA,NA,NA,NA,NA
"44",44,-0.650338471893176,-0.21929203053771,-0.0632001670602335,-0.18795551906092,-0.0740244835500962,-0.14271456640171,-0.094164092464404,-0.000868623052703843,-0.329770739677832,-0.136704670834869,-0.196092663378128,-0.0342372170399113,0.0395790173995669,0.0763867420752405,0.165162166603287,0.204507177303161,0.227853809701193,0.24771657269854,0.249676453925929,0.235983626074365,0.303332102021172,0.351857306823734,0.31916402520225,0.194601941187245,0.199043003974949,0.195042059782484,0.218599268793792,0.222184293184288,0.222157143325267,0.216774417022291,0.193886767309671,0.166712633192635,0.115881768321328,0.0968170961687037,0.106548102466049,0.0720977721172767,0.107646630041908,0.119106610553919,0.12654017923854,0.155198068650929,0.163192909403373,0.164560655516968,NA,NA,NA,NA,NA,NA
"45",45,-0.442418490025655,-0.387231762103498,-0.174837091995754,-0.0768983994712087,-0.100743303623353,-0.101671007386005,-0.120131500774811,-0.0737486641983347,-0.0201527354402101,-0.186366533205262,-0.101200890116628,-0.147759976163949,-0.0345681092907122,0.0338366154927006,0.0642051865586576,0.136117630692522,0.171040702368973,0.192031832855438,0.212626347893693,0.215349403345484,0.207046203740498,0.265806802954254,0.310570523191414,0.289724397012698,0.19122327481642,0.200805851190254,0.197472973659856,0.217701441223921,0.223347583088531,0.22352677920977,0.21950743275173,0.199043289780016,0.178709236333197,0.135007660622276,0.12199885984466,0.128600667833789,0.0982949828900208,0.128837063589604,0.139918923541818,0.145979673446073,0.170763181274598,0.178813563369586,0.179471737516762,NA,NA,NA,NA,NA
"46",46,-0.659177782978388,-0.690697401637966,-0.534435261707986,-0.265378262505321,-0.127357267443618,-0.16915599444919,-0.16825837739337,-0.144285907027106,-0.0871865395969024,0.00545154285503736,-0.182406379169891,-0.107079821311357,-0.143980489830416,-0.0137650610601933,0.0603725535781704,0.0983179086044617,0.176307339533188,0.215351267960807,0.240212983300484,0.263549299142077,0.267688563115095,0.261424558145469,0.317755069685668,0.365148562496915,0.341568770181408,0.241996086764556,0.253377825504886,0.251093561215512,0.272098544503701,0.278824093819068,0.279273574986069,0.272753437096422,0.252735661312915,0.230205375450661,0.186570049149471,0.173651817199579,0.178107192833733,0.147889109083982,0.178716083739254,0.190562374623148,0.196653201395779,0.221574244822596,0.2302731496695,0.230224403139334,NA,NA,NA,NA
"47",47,-0.0655918357569017,-0.301907586369607,-0.362504428430301,-0.349583827263505,-0.190532575342954,-0.0948577199057593,-0.139563701826796,-0.133776716123288,-0.122328338778362,-0.0774183465036598,0.00601115779633052,-0.182972386815382,-0.10494563017768,-0.139949155530291,-0.0145670434965533,0.0565059541362973,0.094903578435951,0.172986218160436,0.212119186005457,0.238199929270302,0.26167702633809,0.266017269429958,0.261022847732347,0.319093333965433,0.367176490231016,0.343069582156308,0.24455296464372,0.256372299151816,0.254605765947408,0.276294032360606,0.28336585285257,0.283910711417172,0.276919498511141,0.257102695392165,0.234184384226363,0.190909378594931,0.178054762172212,0.182082520297392,0.152188422572647,0.18348618421497,0.195654573607542,0.202091569801923,0.227403624764608,0.236386654793398,0.236597891803511,NA,NA,NA
"48",48,-0.436817920734939,0.0610146547474367,-0.146903480073156,-0.199699628450349,-0.233059068075495,-0.123912493277211,-0.051701544652258,-0.0942160110565666,-0.0845004263683475,-0.0883546700034969,-0.0506689914525688,0.0154489990978089,-0.172087609406646,-0.0908050235543047,-0.127432907070461,-0.010151110122217,0.0590350873052084,0.0956426190859935,0.172693473034001,0.211531560088193,0.237185560752054,0.260822409670466,0.265191710684283,0.25999065950464,0.318050258958569,0.366776997065254,0.343074862240154,0.244431898801268,0.25697023459163,0.255244963466679,0.277118064346214,0.284601259781856,0.285219332962207,0.278267901041129,0.258287724533193,0.235655360258208,0.192308679049318,0.179893615923341,0.183741328404211,0.153814626044632,0.185305340222938,0.1977325772478,0.204249212273328,0.22971668029839,0.238948586189701,0.239191516979486,NA,NA
"49",49,-0.499999999999712,-0.3064766839377,0.0966655341455059,-0.024399556921571,-0.0722829299490822,-0.115068420007761,-0.0496561136385779,-0.00201960692546836,-0.0444019961785323,-0.0294659463007882,-0.0430423566802429,-0.0164407532126482,0.0313969368505712,-0.155056679590711,-0.0716728078932791,-0.106800599700124,-0.00139233899844257,0.0624963653015764,0.0971354052352588,0.171891827207515,0.20952539098605,0.23514064281702,0.25807372753249,0.262329229790967,0.257814136702662,0.316722999550714,0.365292399324281,0.34118326473617,0.243711146474023,0.256154176552451,0.254775872437096,0.277060253009112,0.284618704304408,0.285279410566898,0.278069250342857,0.258331182075437,0.235428597335541,0.192480276310804,0.179984400177556,0.183646666385432,0.154047312430075,0.185831910461958,0.198407017641748,0.205205337402663,0.230956227905233,0.240334508110826,0.240863904300768,NA
"50",50,-0.604207288010699,-0.662329516945819,-0.468995710432096,0.115799790579123,-0.00235807424977832,-0.0378250950421228,-0.0905914085980784,-0.0376579056592142,0.00319984460236457,-0.0340027032878764,-0.0164682016179794,-0.0378229661486788,-0.0132565224191851,0.0260189036229911,-0.155015575511181,-0.0691185001021981,-0.106257138800245,-0.00516724968572399,0.0583670715130877,0.0916485371292741,0.16579410007211,0.203346815435027,0.22849054161407,0.25177826964883,0.256064307371035,0.251238664539384,0.310354036055485,0.359606675161208,0.336533382460087,0.239261592401675,0.252628714802702,0.251178458410512,0.273522971437668,0.281550656667433,0.282282074628633,0.275417559585001,0.255427641150763,0.233272406910063,0.190286291069982,0.178492719869176,0.182088229618968,0.152458957715856,0.184325535568303,0.197138128266222,0.203957848401088,0.229766156325228,0.239381469560592,0.239940656612781
"51",51,-0.658057336964438,-0.756756949394456,-0.764933054012413,-0.55798372442111,0.0796970195441083,0.018207390620883,-0.0144901215301146,-0.0558993117157809,-0.0188575601049404,0.01092893802504,-0.0260351648068028,-0.00486566502010004,-0.0255412952135839,-0.00823170062917772,0.0260156923110119,-0.152572622531174,-0.0657430624066009,-0.0996735274223052,-0.00510607362255904,0.0536372401143981,0.0864588127013511,0.159101489135845,0.195692782161012,0.22162297165353,0.244206284152262,0.248436494951193,0.245071925794024,0.306219197066493,0.355226231879796,0.331590549552471,0.236507826251881,0.249626184775456,0.248735978140996,0.271699358608791,0.279745942954686,0.280528756273751,0.273321871798158,0.253773223792508,0.231228815163067,0.188968255351473,0.17698177299263,0.180359775278094,0.151309216612664,0.183561500925165,0.196518382992565,0.203759666939279,0.229935586037524,0.239687811594547
"52",52,-0.0585448678261354,-0.132606877809059,-0.199728260869431,-0.167096581244749,-0.116046040995367,0.144385669336297,0.12793518536065,0.0977905889243944,0.0645559669951345,0.083783338774298,0.100654650992962,0.0646091584079439,0.0895359137542357,0.0626881251791338,0.0721800313352295,0.0788953834934616,-0.0976428308649247,-0.0114923836488216,-0.0440118387025723,0.0291432750699248,0.0803199003800028,0.107277406741435,0.173716923855987,0.207220159020967,0.230521063986787,0.251244261344208,0.254937768673994,0.250659264096999,0.30916271739586,0.356619786313703,0.332774364100546,0.238257389186287,0.250579338228094,0.249593482060759,0.272198015290836,0.279931826316407,0.280662887401795,0.273412175152852,0.254095829576071,0.231432888389755,0.189431995074948,0.177227657656433,0.180648618976941,0.151745358673366,0.18373652665486,0.196528730310307,0.203728828962885,0.229792509852731
"53",53,-0.253774361789705,-0.272307204534252,-0.367011273798918,-0.376738068395334,-0.389885901037731,-0.337257090669215,0.0826468437239061,0.0450178626199344,0.0341581285792135,-0.00550296789279121,0.0124240199360854,0.0291248192364533,0.00481978903030239,0.0293534044763549,0.000869679955200011,0.0119328267819143,0.0248194187673754,-0.131655662812688,-0.0461294502681977,-0.0802553089168814,-0.00455352213409028,0.0478131842498311,0.075229205139572,0.141838629244058,0.175581766852614,0.199393498498499,0.22077037549268,0.224578217479085,0.221185839026302,0.282311034090336,0.330316176201376,0.309078138259129,0.218124532646923,0.231780868151587,0.230860889462343,0.253554575673567,0.261885515246063,0.262698253042013,0.25644191177029,0.23705602368146,0.216291533008935,0.175126984792392,0.164277942141291,0.167772250838516,0.139421384331771,0.17128240501891,0.184260960041061,0.191575209265198
"54",54,-0.362406389571312,0.0284714845750229,-0.0502832447585113,-0.120406922881759,-0.137634805230046,-0.147032003765092,-0.154877638577305,0.0911890995198252,0.0520219290275114,0.0352087021698739,-0.00267093001066092,0.0176468354189804,0.0362493223606601,0.00888362617420799,0.0318711759155449,0.00557996294518536,0.0174913905288027,0.0333405303733755,-0.126253466846841,-0.043228378341214,-0.0765472324599518,0.00117939446811044,0.0549039957361047,0.083578229263747,0.151454781870872,0.186250198929725,0.210859625563975,0.233158783087999,0.237396984793939,0.23443330809788,0.294871075684409,0.343907721655357,0.322473004273894,0.231329431323643,0.245951551599433,0.245317523658724,0.268248601837454,0.277143844916666,0.278125280859019,0.271415924856198,0.25208186662228,0.23112850994081,0.189991057304644,0.179563872801695,0.182467209232716,0.154148578697953,0.186126594302018,0.199464291899284
"55",55,-0.00135358293408936,-0.352001055135416,0.0199824158647867,-0.0728523799390028,-0.126861492703513,-0.147900612266459,-0.153437801458943,-0.16937997864046,0.0778565283113442,0.048100216360838,0.0309868980647796,-0.00349942123356305,0.015559060427987,0.033043450530853,0.0050728653835375,0.029149284219073,0.00402122991593809,0.0146456561653921,0.03139994100808,-0.129014150359264,-0.0452916079350909,-0.0775574797058642,-2.28890689940999e-05,0.0529376667857908,0.0820965379141837,0.150291228851477,0.185287812421239,0.210558495682196,0.233050297693967,0.237434146719986,0.235115144785249,0.296412604654937,0.345952164141761,0.324285616222036,0.233622729607535,0.248616336356659,0.248288663992655,0.271625029921078,0.28079856856324,0.281875645799662,0.274926083638145,0.255699507954306,0.234577267762338,0.193624362606374,0.183323248342316,0.185966955981413,0.157823862897628,0.190104494734731
"56",56,-0.00117332160010971,0.246048649254576,-0.200752503029135,0.0433406058782047,-0.0548139540877488,-0.104235469084135,-0.131213599483845,-0.135773626496811,-0.149866723624371,0.0827450024505572,0.0694213288640096,0.0532627326935363,0.0237965180304788,0.0384550021969463,0.0522623140075117,0.0245972746096287,0.0506027995824718,0.0252313778371209,0.0329395374817286,0.0432348207340403,-0.11642488661775,-0.0320729395856632,-0.0630175908452502,0.00806453651800673,0.0578435541681576,0.0854089463166693,0.151650002796195,0.185587327484422,0.210409944345603,0.232230015263325,0.236453275725259,0.23431427269276,0.295655564479975,0.344829088124186,0.322926804283557,0.232996487886626,0.247785153442973,0.247627856915175,0.271132988578601,0.280290514691684,0.281386878206425,0.274311025010826,0.255260455045006,0.2339843488682,0.193302576967301,0.182920960583058,0.185488012574082,0.157560302777076
"57",57,-0.296124927703823,-0.299489910134517,-0.181597348397215,-0.359444726556427,-0.147194973929264,-0.172724433722502,-0.205238212442893,-0.206233412715914,-0.211009794172286,-0.214963438125897,0.0252322844511363,-0.00714419273521344,-0.0117317319515569,-0.0446526303147701,-0.029601848127983,-0.0150119328972277,-0.0335045743817073,-0.0113832757128925,-0.0352157152449213,-0.0254462580287056,-0.00727044968609253,-0.144250372702661,-0.0661549847532855,-0.0972863212848891,-0.0240239029747984,0.0266397208689792,0.0549117366460111,0.120555046193579,0.154491104082589,0.17988923870266,0.202222877748973,0.206643256645084,0.205883325137532,0.269020355235104,0.318120020833381,0.299053476272912,0.214515207936173,0.230548609256026,0.230603525384515,0.253974735116391,0.263670877687638,0.264873917777398,0.258781067039745,0.240024286100974,0.220864613413548,0.181661163808362,0.17281843482743,0.175317842505283
"58",58,-2.52560457823133e-05,0.225034832756629,0.261622911286827,0.261004812307352,0.139958405317085,0.235766127339756,0.245579943208653,0.222097077648678,0.233764916357738,0.230485580720509,0.226991599460504,0.201307377513822,0.154879935943283,0.143933011478374,0.114833716234397,0.126380946682132,0.138858576384025,0.124459125006464,0.132110983180585,0.111054003235311,0.12216079348752,0.11757168940132,0.0157187098662319,0.0598866961009914,0.0324539292907121,0.0742351250671434,0.118704530022055,0.137158361364019,0.188267467601148,0.216953915322422,0.235261527890806,0.255674094372824,0.260029976349773,0.257021049419394,0.303093356411386,0.346841067894037,0.332400336189353,0.256737351527043,0.273430920398478,0.272823184654218,0.292156679723322,0.301950908557576,0.303302382735401,0.298134874277032,0.28093789458593,0.265285529308812,0.229353667751721,0.223423865736884
"59",59,-0.430451296346069,0.187091928700177,0.466243575900479,0.534427184052291,0.54399443583594,0.41469741910685,0.502849366979425,0.525201189763616,0.501644960272515,0.519611316139169,0.517737841293878,0.518066677896757,0.41144473561234,0.359381109906788,0.343109421707984,0.314317742006089,0.325344365616008,0.338152181477917,0.322971032007194,0.325995557907852,0.303084377140273,0.315826234703947,0.291917544270218,0.194203205591831,0.223561316269237,0.19621628429156,0.216551552712995,0.259678458292009,0.27073223125241,0.313957887015311,0.340478022912544,0.352746440461662,0.372843318190417,0.37744080532829,0.370026591115964,0.399036474963368,0.440719809316853,0.427428611181321,0.348620544180698,0.36622498076728,0.364418543096106,0.380428191148103,0.390601492180295,0.392179008250903,0.386741738276626,0.36964197018652,0.354797374432137,0.31833463935995
"60",60,-0.0191810040138173,-0.237093030893511,0.153929019934132,0.448369691487363,0.531591124239902,0.5448224421897,0.437909377051692,0.53954955643928,0.567915389563708,0.550673371296098,0.57354388194561,0.575507785106754,0.577515349678388,0.44874046923127,0.395882370369243,0.377116740893268,0.349727424157344,0.363133668410071,0.378046348314346,0.361791467438506,0.363850153237354,0.342233166690967,0.356532093169426,0.331832390540646,0.232305163748424,0.258160689025366,0.231435435846497,0.250485290638494,0.295079114537054,0.306169469084748,0.349536612385637,0.376805372115123,0.388835109856797,0.409774735634471,0.414901537955849,0.407055402629404,0.43279401601617,0.475075505172967,0.461848717529455,0.381796983338668,0.400316390192765,0.398536616572113,0.414203377990761,0.424912024407618,0.426741572038103,0.421035882534638,0.403978609971657,0.389139948173182
"61",61,-0.0373314039821948,0.161347415936756,0.179425538646994,0.186574660799046,0.267645741325385,0.289070798053322,0.282062622970896,0.261265045406241,0.328181610533936,0.336493916101842,0.338797258697974,0.350902148764398,0.357237940056983,0.353676366559085,0.283011511294961,0.257531317077509,0.240767341643122,0.226643654409597,0.238418466604078,0.250153524446024,0.234660751200359,0.237757659065471,0.227519422226222,0.23682133243624,0.232993792194583,0.147449394839897,0.172234937122381,0.154280423832846,0.181220157420717,0.21756030190416,0.232721436876184,0.274361989429183,0.299321697714167,0.315284437272486,0.333780407154424,0.338659836643495,0.337088767511733,0.372192202268145,0.411338484813761,0.397933837138163,0.33195040872454,0.348240838732046,0.348614245304711,0.365934005459767,0.375782509826708,0.377636661546588,0.371798939075969,0.357325036706882
"62",62,-0.658197452136201,-0.083841040343448,0.233362593774504,0.27017600884715,0.220507469907122,0.276739032627718,0.290767211007363,0.286889696295908,0.245252566287974,0.301155666517628,0.308736360531637,0.304056578927214,0.314491436206864,0.317410381515899,0.315198660226706,0.26460728040208,0.236612703498207,0.224040944945678,0.207309650748733,0.216666714270529,0.226647330870025,0.213890468560135,0.217620655194475,0.204697713478734,0.213378558944122,0.206767751146873,0.126722975352285,0.153372641019701,0.133786673598557,0.158921257452421,0.194717257393771,0.208613568652621,0.249327181252583,0.273663679222858,0.288905461514016,0.307136518259907,0.311687626832882,0.30967763544577,0.345736718672476,0.38480805372499,0.372576158774432,0.30738830912767,0.323940807406341,0.324024221019464,0.341238209336433,0.351134061684643,0.352885865415316,0.347769708824322
"63",63,-0.552891396332871,-0.752201366663791,-0.144142234479314,0.187646973474075,0.253625258654795,0.216629240584604,0.253463049478958,0.259628432934924,0.253227887599417,0.222365172774692,0.269637167224242,0.272316546626945,0.270347642432209,0.277815176855617,0.281113595741463,0.277201610374912,0.232756388920677,0.212535352284251,0.199634000261694,0.186269446782695,0.194839933978509,0.203702809651554,0.190425589194392,0.194761506317095,0.184203812270749,0.191301184068775,0.188174170209753,0.109391703457667,0.136253924224916,0.118987202239807,0.145130700678899,0.178384161067522,0.193025926694227,0.233088806314339,0.256712868062839,0.272852188740943,0.290354706804159,0.294830691884554,0.29437268823844,0.332685745405971,0.370990121296055,0.358381537183995,0.296564217655476,0.312484954656618,0.313228057731129,0.331020937273243,0.340723789395014,0.342518117719238
"64",64,-0.57876650388859,-0.446505823627283,-0.5985856561966,-0.212187146778618,0.118087812302468,0.174756871749842,0.128582975039053,0.165215974618644,0.172904984049895,0.170374359344856,0.137834223369311,0.185223720805426,0.190681563194554,0.187574141724884,0.196169222855768,0.198858690424141,0.197124405407491,0.174994570957333,0.150689588415183,0.141934100504609,0.127143008899293,0.135495100521307,0.144333150555944,0.134252964656486,0.138122428670129,0.127454336380363,0.135061434360845,0.135003909355136,0.0656521194857317,0.0918461798682868,0.0742155727483892,0.102777437984122,0.136422423801984,0.151807790701454,0.192031337783236,0.215699610966839,0.232511953974593,0.250218079228216,0.254729651004399,0.255320242070711,0.296240394694432,0.334532506984065,0.323604810877084,0.265748451930151,0.282258796789978,0.28324438034799,0.301255857579841,0.311198440559809
"65",65,-0.462893763382589,-0.569623669307306,-0.32055490558319,-0.516748526918714,-0.209053549268499,0.0986806357400002,0.157484076433122,0.119076576769685,0.157866722558199,0.166221940747172,0.162589035511122,0.135404547547862,0.186011710252149,0.191987741519083,0.191328261420179,0.200934177532502,0.205058212918014,0.203225029302641,0.17538114667814,0.15160586295177,0.141590395855651,0.127663025760039,0.137008002702311,0.14664871949821,0.135770777937058,0.139324070154924,0.129775865556654,0.137810493810337,0.139569078692354,0.0688883276118978,0.0941439526265249,0.0771476838821986,0.107213605768625,0.14158843737925,0.157944296223579,0.199085135359826,0.223434800535246,0.240980785485355,0.259235973970274,0.264091319769632,0.265213015009654,0.306327915405913,0.345250043788213,0.334181179877798,0.276427653762369,0.293450600767059,0.294741900951887,0.313056050557241
"66",66,-0.635338345864601,-0.399514407843193,-0.370481481641849,-0.207858807235567,-0.334625311419002,-0.160032243486422,0.0894112282750319,0.13195843578964,0.092841408826565,0.134516559033916,0.145374418309798,0.143402045433321,0.117337788844869,0.168853654861985,0.177681829803817,0.177291674146929,0.188490337967663,0.192928716469557,0.192767129763548,0.169171073486479,0.142273152644527,0.133855649178325,0.119374825486193,0.128974318477291,0.138992728950872,0.129856673424649,0.13238286494984,0.12306276482338,0.131834195411461,0.134049653182919,0.0700543193638109,0.0924953602625823,0.0755605305164563,0.104845979765536,0.139422914500947,0.155467180817902,0.195665513995602,0.219810663478704,0.237010371022168,0.255406115469031,0.260394057576196,0.261645079136418,0.301640308024369,0.340165193275839,0.330400665732815,0.274970397669726,0.292530722050126,0.293833449380869
"67",67,-0.528372211292681,-0.54114782923008,-0.487771653044394,-0.533195710943934,-0.302895168357038,-0.447157573567317,-0.26587290934723,-0.0112309094229547,0.0411838138381135,0.0189886086343691,0.0557496555343799,0.0638385529378853,0.0601404696890561,0.0473040331614141,0.0980369204522449,0.104354853238444,0.108444342466949,0.118617543266321,0.124746317757871,0.123410422616212,0.105665404238757,0.084467532362744,0.0753750965304866,0.0641264727757865,0.0744789023140381,0.0846965700779125,0.0748134662448502,0.0776325043299703,0.0716374791847796,0.0797390312225345,0.0889850798621876,0.025571049964754,0.0480874071456261,0.0337672264429649,0.0683428314032584,0.101900957144756,0.120699903101115,0.162288303169876,0.186824368209015,0.206466953971881,0.224846179867945,0.230126757283881,0.234097611421897,0.278809422882045,0.317386894846996,0.307168153939335,0.256246497326891,0.273563089387961
"68",68,-0.0670464356452369,0.0758873673155076,0.069856793396465,-0.0654709345774936,-0.13183322006913,-0.134093412040383,-0.277590583520653,-0.124301344625795,0.0920869758295933,0.153837004097237,0.128500331515983,0.149383441724676,0.151912445545279,0.147987084914945,0.12958324271059,0.164971440626593,0.166862115728871,0.167407896222817,0.173474498597234,0.176976914633482,0.174404058024125,0.153325769087881,0.13836494629718,0.129399770087528,0.119639744091615,0.126858586053219,0.134213200238134,0.124318803887952,0.12785701149227,0.120931707781778,0.126686990806564,0.129761153584632,0.06784070311746,0.0900815656403248,0.0766188454729262,0.103001293968889,0.131955861821425,0.147166009144901,0.184036331086215,0.205827652950757,0.222892282774445,0.239292990050738,0.243846184654713,0.246616672140943,0.287541490473096,0.323644381017692,0.313248567327643,0.263221221183864
"69",69,-0.241077825005089,-0.264667393200909,-0.301113968521484,-0.287723947123519,-0.341880131635411,-0.340970259071364,-0.298508877861355,-0.342076911390743,-0.256665550860164,-0.0977153264276622,-0.0666387339747484,-0.086001503062091,-0.0641195452944351,-0.0590739729789459,-0.0596249415096544,-0.0692435751716973,-0.0356433101093859,-0.0304006133704503,-0.0282265491701558,-0.0209973155225451,-0.0172453294237295,-0.0171240948748037,-0.00987874364970814,-0.0277467686617338,-0.0309051598775154,-0.0401021209740634,-0.0328849465293412,-0.0256086422396591,-0.030265542185285,-0.0284541140186628,-0.0327546644656848,-0.0265825378584999,-0.0155649023234601,-0.0553077488651734,-0.0380605701836148,-0.0492800356709982,-0.0187277055325632,0.00804562024471253,0.0248393055595098,0.0595223226376948,0.0798277713589493,0.0982081750613374,0.113630175586529,0.118105253370493,0.124427079532225,0.170200425282888,0.203436046450308,0.196635370130992
"70",70,-0.181339685059196,0.197815885022041,0.159984586262616,0.12160054984788,0.116036000362966,0.0560707204969878,0.0779967704503178,0.0651936588889359,0.0441287094520359,0.0620855141393134,0.13232090357241,0.143827068712918,0.124278762288006,0.147584660439679,0.155425840136704,0.155407878213434,0.142661625018304,0.172564472512281,0.180423982345501,0.181564123403767,0.190125444593282,0.193902975990569,0.195534967229798,0.180938153665651,0.161810815207278,0.157438868335569,0.148351702925711,0.154929095109189,0.161974361267595,0.157626398005176,0.158021926615725,0.152587196279971,0.159260891623132,0.160390111031391,0.124294829626217,0.135039754092427,0.123806827692546,0.140852411823481,0.16559523026162,0.176507565144399,0.204428059318532,0.222183599545776,0.235029309880909,0.249340108995039,0.253606607478683,0.255645401316162,0.286180708216031,0.316313453181011
"71",71,-0.120843307981817,-0.173249867748189,0.260929638194371,0.22867832607123,0.2010078797514,0.19635684641166,0.14705417534099,0.179579289432419,0.166634847359841,0.153801182492458,0.156057684817399,0.203467733661642,0.209988019448603,0.192688816796679,0.219259692708234,0.229473435026691,0.230207531918673,0.218300320609877,0.24977970662125,0.259575842800582,0.261649644717763,0.271738666335599,0.276495984150321,0.279133782093556,0.256486566580825,0.236649415503621,0.231758165840943,0.222953512392142,0.23016060729467,0.237899502954222,0.233611512171559,0.233611512171568,0.228251870472197,0.235685658986709,0.234487379689955,0.198765531246332,0.207287565717852,0.196140663901517,0.209801337628871,0.234893422560888,0.244524046359953,0.271151525834447,0.288766066537972,0.300274901208043,0.31480342362101,0.319311597737313,0.320107629917334,0.345669758761785
"72",72,-0.113255619395334,0.289689281534412,-0.171891768297883,0.265077306285952,0.2395596179917,0.214461255559119,0.212304212452767,0.166841948363914,0.205684829804282,0.194568215091795,0.188653033475865,0.186182179531071,0.225095646066469,0.228808850669453,0.212407781748891,0.240852822809092,0.252492187719739,0.253935916887594,0.242559779936922,0.27513226683536,0.286231200814051,0.288840205319076,0.299916385098343,0.305241829983075,0.308637639316368,0.283942136152178,0.26333913348858,0.258639266823632,0.249882743982903,0.257501166430718,0.265695479665794,0.261818617759244,0.26159490289355,0.256333643976595,0.264298670972423,0.262414054204849,0.228057246220252,0.235384197037914,0.224270429434507,0.236716880214007,0.262162102976813,0.271355067020336,0.297472717992728,0.315112252517391,0.326127394290505,0.340870485399178,0.345554027635864,0.345933055315011
"73",73,-0.059315680059802,0.0531446892592286,0.396058732960972,-0.147963997967621,0.264114048720741,0.235624367195417,0.213473177208122,0.210922734197712,0.169969408281934,0.211143089054892,0.204061874733088,0.200772594948188,0.19565060027597,0.230629392403865,0.233577915021439,0.218452846539297,0.248344358757484,0.260958750188819,0.262796543738742,0.252396257555182,0.286235800881913,0.298232884175375,0.301570694346019,0.313454901415497,0.319407238335055,0.323321399203109,0.297003524640533,0.276090168823226,0.271380237580357,0.262815254159582,0.270927554140265,0.27960798885587,0.275880874227807,0.275575230987724,0.270582487562596,0.279002801586655,0.277164046271428,0.243175040292714,0.249856940135626,0.238860632847012,0.251146165656492,0.277100018864271,0.286367036174476,0.312594953592033,0.330512080498713,0.341525034272476,0.356595056825323,0.361494170827184
"74",74,-0.621426105514057,-0.38373194411562,0.0728785815792522,0.467996112453158,-0.163622301035607,0.247794630047141,0.228060205072954,0.204390482436902,0.204956291710953,0.164385724516889,0.209872158739247,0.204001562217981,0.207224000999959,0.201716858815034,0.233411277187562,0.233938415255985,0.218858261290939,0.249689783940152,0.263178876907288,0.265693145496332,0.255458342381938,0.289731294277704,0.302649734218335,0.30615645691438,0.318645449650981,0.324835961518161,0.32936437303962,0.303975012791206,0.282271974107847,0.278172084866477,0.269515871702143,0.277805654254224,0.286714585794796,0.283649423526355,0.283169047480571,0.27821811178688,0.28699084919856,0.284993776723899,0.25328625820974,0.259136905158771,0.248150735367013,0.259855709034979,0.285946201712288,0.2949579170559,0.320727819740206,0.338564423193953,0.349286077009208,0.36443883177365
"75",75,-0.606710924653832,-0.660059749511725,-0.444461147300467,-0.0103843292556636,0.354972788784466,-0.149116051742279,0.23685995079757,0.210494159144544,0.191604077169606,0.190331889996386,0.157473394905869,0.203041013227555,0.204096227434194,0.207424025318416,0.199885545751158,0.229212276641448,0.230061093516459,0.217093930591165,0.24919714504779,0.263471563362056,0.266220838331945,0.257667411935276,0.293318279780711,0.306914212354857,0.311448465808657,0.324673148545765,0.331628073459416,0.336559194357112,0.309593413734863,0.288096356732457,0.283840428227868,0.275625349918869,0.284512025128154,0.293961149446749,0.290882570795482,0.290428635878083,0.285979938015604,0.295168639443463,0.293744286178009,0.261856933310971,0.267314662291525,0.256627492917862,0.268765719724724,0.295375277821212,0.304771704929465,0.330946198302362,0.349174868029132,0.360178840640319
"76",76,-0.483690309271545,-0.641230854146399,-0.617306591569836,-0.337274813148843,0.0818599608014899,0.444606097455031,-0.133029437651702,0.235723424500577,0.210282883979119,0.189159869988909,0.188321411284656,0.153074787475822,0.199544333257506,0.200125185698905,0.205964501419515,0.198778177252128,0.227823571481376,0.2279177029703,0.214589590725188,0.247024436101309,0.261631803993496,0.264664497862318,0.256020384208381,0.292022364651827,0.306101866608306,0.310709217481562,0.324296402457563,0.3313994187551,0.336672633580808,0.310293982274622,0.28825281474835,0.284322212443905,0.275995959967096,0.285031813261925,0.294663470932437,0.291936354288513,0.291402961961501,0.286957793266767,0.296400248424682,0.294999557703347,0.264196196518144,0.269302112540606,0.258558948464801,0.270638344164619,0.297527443942643,0.306922918162871,0.333086582398285,0.351421833912399
"77",77,-0.0215631813158939,-0.40664926212555,-0.578263770479591,-0.585416346260894,-0.342012788282879,0.0873779166536006,0.460047898459098,-0.13495123414662,0.232485880498296,0.20991600236025,0.188440841947669,0.188839298157084,0.153851281257883,0.202677446836984,0.203772251889837,0.213023288155615,0.205384687937646,0.232330876994254,0.231239283803364,0.218081847667649,0.251308004012103,0.266594659988283,0.270104887819547,0.261632767646501,0.298140916558603,0.312922633429291,0.317751333080291,0.331856269349322,0.339227750886453,0.344971746294011,0.318702628346016,0.29617757123986,0.292604269042758,0.284263598206381,0.29351507376283,0.303394939006668,0.30108395641952,0.300482745182742,0.29608565499235,0.305845417280761,0.304265102874648,0.274715157707644,0.279304040157913,0.268561654402323,0.280219278259303,0.307340773516029,0.316583811248883,0.342535604835014
"78",78,-0.210347296061099,-0.18453464047433,-0.182462758226144,-0.15108519789571,-0.148426266950337,-0.103622389414983,-0.00564384410958266,0.176162495714282,-0.0600597547702467,0.154456358526961,0.119784930454174,0.110399465673471,0.103729944007205,0.0904283287822171,0.119985368566616,0.139227314753916,0.137518911933646,0.130945713609183,0.158400700990703,0.161622414802571,0.155339948627493,0.183643061322737,0.196116039932444,0.198110566915891,0.195869250192281,0.229572269032737,0.241828765668993,0.248618910467664,0.261228575532181,0.269116548743351,0.273760209789068,0.250684412160279,0.233097564036734,0.228921214055961,0.223062678572133,0.232367071366857,0.241921761255093,0.238909377035395,0.238631581213619,0.236635306084177,0.245483799223673,0.248717993485052,0.219710718195176,0.224430824956358,0.216082074220497,0.231478490553059,0.256816914213558,0.268017962969213
"79",79,-0.660873762973686,-0.421071666063903,-0.397109564692073,-0.306043614323323,-0.268324780827859,-0.228932843535421,-0.15247416874785,0.00592954684813494,0.220572679035696,-0.0615333368047386,0.135983588312918,0.10579156505865,0.0909055374228975,0.0858622928558016,0.0642652775951295,0.0926959384925305,0.107175795199697,0.107285512707972,0.104856254361043,0.137687638026382,0.140576754737409,0.131700021459678,0.15858448794757,0.170272774692957,0.172201138429609,0.168315228923874,0.201008867016903,0.212951109243683,0.218787141040633,0.230971618636949,0.238213060501138,0.242769520178797,0.2234685983821,0.204920274180298,0.201409531744749,0.19489125644828,0.203757682673792,0.212963358826028,0.210440317630279,0.210013410428667,0.20757137594112,0.216281824915819,0.219660118232927,0.192480619816286,0.197348566611116,0.188611059117616,0.204413167676481,0.229717866244841
"80",80,-0.381490638984308,-0.680517385493816,-0.453319276179328,-0.423764230334418,-0.33264416062056,-0.285541952059333,-0.243391350464535,-0.162747703028885,-0.0035851677415085,0.209260981061427,-0.0523744250012215,0.132137670217818,0.0986644136295185,0.0853718857396688,0.0790550017130609,0.0595298563754569,0.0858249581234045,0.102469518920361,0.100963651174354,0.0980683086945654,0.130794748690138,0.134558433898681,0.126615816987781,0.153256834377218,0.164793729547808,0.16655996041947,0.163572756510425,0.196442506506045,0.208310555161256,0.214630718406887,0.226912449777046,0.234461436765741,0.239028372593109,0.219227675546536,0.20120513736855,0.197508402413887,0.191353583886106,0.200455616361297,0.209847646599733,0.207188360932792,0.206817256810175,0.204768093868549,0.213566891091341,0.217624226181928,0.190130399186722,0.194937885729321,0.186510180506178,0.202945879773464
"81",81,-0.632637027451664,-0.311969754056835,-0.560422004784409,-0.428185945387434,-0.419208621177443,-0.345640768154203,-0.312288582062383,-0.271689174892662,-0.193126840048641,-0.0219453150290984,0.20005101876565,-0.0682495263562017,0.115355178135088,0.0853526905335962,0.0706389182216063,0.0655298211493271,0.0450686961884045,0.0725021002402436,0.0895148057852297,0.0904880249395197,0.0885437777099892,0.121674946944751,0.124488042783513,0.116131081946599,0.142927331960398,0.15466467464347,0.156679628439524,0.153561515384367,0.186560987480628,0.198768709529826,0.205045332914825,0.217537378707148,0.225110385457852,0.229934314872313,0.211489165231207,0.192913714533602,0.189632328800024,0.18331460272901,0.192464010946066,0.20193712175882,0.199677066271472,0.199213032306495,0.197139676465521,0.20610598764677,0.210322300730894,0.184207162598438,0.188736727811605,0.18024435880062
"82",82,-0.000834903709896459,0.0777553415966894,-0.0319362167114159,-0.181317020205838,-0.150155766903743,-0.158508642375009,-0.147743821607947,-0.142513164015039,-0.129178273344423,-0.0880295028812597,0.020804769307959,0.203135556615325,-0.0536834080081831,0.125189581042997,0.102968261784459,0.0882617472174749,0.0855468366187933,0.0652752692456356,0.0952042745195295,0.109327761757407,0.115379504389075,0.112480047904633,0.14000631429752,0.140333630796828,0.132092339036091,0.158892458946159,0.171149091517588,0.1738072695058,0.170551425314923,0.202738749951637,0.215473264646247,0.22158409235855,0.234269433477195,0.241797392877919,0.247094626790668,0.229411322212581,0.210636967276743,0.208036882963138,0.201774465143002,0.210777226731823,0.220172197093815,0.21863249525331,0.218073213427428,0.215940859931442,0.22500503200881,0.228356632428271,0.204968016682008,0.208622470115882
"83",83,-0.5732161222391,-0.182108841788679,-0.148088732473834,-0.0254949531812778,-0.194354081566058,-0.170363279578212,-0.174853822422494,-0.176721557702348,-0.170891780778036,-0.163247238511339,-0.126636998367361,-0.0219893996590045,0.15917297173452,-0.0719622410661329,0.111884350007053,0.0876668262938584,0.0759100488960087,0.0725561383936119,0.0581999035041458,0.0890107878325461,0.109133813914563,0.11534635269139,0.110816083967876,0.13618145865106,0.136618452880496,0.130424273612904,0.158575359649212,0.171662217237809,0.17460378228016,0.173080237388816,0.206660458418993,0.220073096590223,0.227275222165032,0.240704594520859,0.249048010717219,0.254766206852028,0.235585199900895,0.217197050700691,0.214462327129797,0.208749114774894,0.21840449381165,0.228383964875979,0.226838436712388,0.226383794536797,0.224849697685472,0.234349829820896,0.238392785137689,0.214710033738061
"84",84,-0.553845857989749,-0.678713226500829,-0.288369065596209,-0.219396584252543,-0.0551956650720647,-0.180587598595561,-0.166261082686212,-0.172541327458516,-0.175465218175706,-0.175057711350612,-0.168718583018897,-0.136328882418774,-0.0334257709525116,0.146430747361784,-0.0840268827937852,0.100497064296293,0.079569724421054,0.0672954320805098,0.0650968585859737,0.0509796915098288,0.0831971910670389,0.103808275135204,0.112521337514203,0.108357316842639,0.132837201803514,0.132193414827408,0.125997366495401,0.154465082022451,0.167907574492818,0.171189841665674,0.169742763252806,0.203431460127938,0.217251340065221,0.224508207586441,0.238194274262221,0.246629020139193,0.252653164886307,0.234410747216142,0.215660674026502,0.213337536396903,0.207582460775659,0.217308329924553,0.227386154461389,0.226256662806004,0.225746868879741,0.224238311569972,0.233912113757546,0.237948744159851
"85",85,-0.640002611988892,-0.574822088816421,-0.613363507375688,-0.308312185608586,-0.258754709959554,-0.0495893645236233,-0.178159255916306,-0.166107981538493,-0.170474933353863,-0.178454958061339,-0.177861583025223,-0.173908560365646,-0.143629896977736,-0.0440008415996211,0.134917977700978,-0.0874799575170461,0.0985583143603198,0.0769163609796677,0.065795380534965,0.063416523661011,0.0514630968130097,0.0843478784024363,0.107119035503648,0.116376330907094,0.111388759806519,0.134539060543006,0.133817278052418,0.128477478793076,0.157688050856439,0.171641223998832,0.175158197813647,0.174441694438677,0.208870070371378,0.223164106142447,0.230951520567536,0.245110859244485,0.25398724170581,0.260330330815251,0.241307451595704,0.22262384242058,0.220323046309241,0.214811828809738,0.224899676071755,0.235321821397759,0.234292230637562,0.233840039590296,0.232598103938267,0.242571764729933
"86",86,-0.00642678621018801,-0.0427667474804952,-0.158896301811487,-0.0918002273437212,-0.0818200803017001,-0.0944082197608763,-0.0292549963894535,-0.169910558607904,-0.153169290700767,-0.156005508626517,-0.16297092946389,-0.157239831334765,-0.152363695265316,-0.121160760571744,-0.0292904497336045,0.138839613421284,-0.0665063784493815,0.101133346288012,0.0767744540040348,0.0666784899585389,0.0629564133439608,0.0515313442773591,0.0809284022905442,0.10361357550132,0.110368805608348,0.105250928634683,0.128509561544872,0.128896342239719,0.124136720382356,0.152215035400396,0.165507166618546,0.168648161911705,0.168530749963735,0.202326989931676,0.216105326810912,0.224099226834823,0.237972865434361,0.246904941674292,0.253037709394376,0.233889110190307,0.216055055235542,0.213528839497308,0.208412256141372,0.218512578313393,0.228898413272192,0.22765625235404,0.227279486156007,0.226401855617089
"87",87,-0.6304088331841,0.0614921778035219,0.0308466288437479,-0.0316738905364229,0.0686113114059593,0.014698698071335,-0.00335613921785892,-0.0221434671440688,-0.158911814682485,-0.13884024406791,-0.142496095344329,-0.144632828679949,-0.137291773089308,-0.12924304104657,-0.094344817553577,0.000303498124762331,0.170157036173239,-0.0462572752717393,0.112941728990785,0.0884330258002828,0.076924401587502,0.0731101250483203,0.05810022979101,0.0863275848369666,0.105440427244982,0.111931658136528,0.107478905568538,0.131737524639763,0.132295804651156,0.1264541376892,0.153731842757679,0.166579061576257,0.169568520971381,0.168617851760143,0.201810191723791,0.21535536627183,0.222910406123404,0.236557534531709,0.245210558042645,0.251255631776699,0.23264221463718,0.214554294614577,0.212120282272376,0.206767765841665,0.216666824676268,0.226895104949121,0.225723068811036,0.225293695204063
"88",88,-0.213167995276011,-0.569138667407046,0.0529139185369619,0.041311567882507,-0.0113530787233171,0.109253165745371,0.0447444753478045,0.0212058269459613,-0.0187912436999315,-0.157240169680898,-0.135861600509917,-0.13923202977251,-0.140501884946323,-0.131831698730022,-0.122885042378989,-0.0865665784963287,0.00869773480524154,0.178915005321385,-0.0378704017837586,0.116766446435922,0.0915365135478324,0.0799066474019919,0.0758014804257225,0.0600513511992808,0.0875598340290297,0.105969373463084,0.112125673366202,0.107695790653403,0.132115538676873,0.132900219220694,0.126937177440483,0.153987127039253,0.166719317978632,0.169655756917537,0.168668696245117,0.201806159630492,0.215337820274276,0.222915259732399,0.236589946361903,0.245283697933351,0.25136379708884,0.232692767999581,0.214614014197295,0.212182480832136,0.20685518191743,0.216801955992772,0.227083438408324,0.225933057335822
"89",89,-0.118395303326781,-0.255253104106991,-0.529371532791216,0.0304505253160795,0.0775539661169428,0.0298368836445558,0.165665685340988,0.106991618242479,0.0751106322221386,0.00308168407484621,-0.140160651975361,-0.115621308044806,-0.117360282082947,-0.117959058959549,-0.105883437683604,-0.0961776443668886,-0.0593404476096083,0.0297004412490461,0.19247433129546,-0.0156673337822787,0.126505807059639,0.0996640298253578,0.0885119184820357,0.0836292980202837,0.0671396619992587,0.0921069723190545,0.108767049450643,0.113105045045368,0.108672487137585,0.133221262281653,0.13484940176985,0.128872681744654,0.154824251620503,0.166928811511243,0.169549902499026,0.168563938361382,0.200919660197968,0.213958294673599,0.221445620655265,0.234780308080161,0.243355795789212,0.24921992486822,0.230468495465681,0.212938461729679,0.210348528292685,0.205200466375112,0.215025783941517,0.225171713335937
"90",90,-0.633237727887062,-0.168852703104906,-0.371924033677871,-0.54712608809219,0.0671631907384689,0.129363676132863,0.0860956256512079,0.237032420213701,0.167246563210918,0.134883714930054,0.0192052585450478,-0.12346844837058,-0.0960419884103073,-0.0974031647273561,-0.0953359953851687,-0.08125289408685,-0.0695071433736763,-0.030385253142916,0.0578819633061176,0.219606750123757,0.00588253266200583,0.14059847271973,0.113350382110671,0.10144198385566,0.0964112726807944,0.0770938024080064,0.100798783159426,0.114041112354753,0.117782981841507,0.113771051933363,0.138979661705826,0.14095980587489,0.13410456210129,0.159211403890329,0.170846470447596,0.173291163614532,0.1715564311063,0.203224391076249,0.215960842479097,0.223031281648821,0.236091905068703,0.24438830666552,0.25012163172266,0.231633780641512,0.214016299521585,0.211446135626229,0.206124884428926,0.215731563264058
"91",91,-0.375325269777947,-0.305620562452892,-0.125575199963607,-0.166492874522099,-0.253031191942886,0.0261067527046501,0.106561232197254,0.0943975569674672,0.222780143034943,0.188554808757993,0.157229927199955,0.0573622085201916,-0.0758679294711644,-0.0475597942884443,-0.0454564460862592,-0.0444749961188722,-0.0272136464224162,-0.0167812860375275,0.0174655437649095,0.0868892741057739,0.225003584155379,0.0436298181746446,0.153540649477949,0.125356723771264,0.115450612147354,0.109525634747987,0.0910231721902565,0.109398449325395,0.119614146910675,0.119745880269148,0.115865681287119,0.140235163238846,0.14371913764993,0.137350434442383,0.159534655244876,0.169571191670281,0.171321976315585,0.169789879282961,0.198807860559022,0.210055853408062,0.216726704982542,0.228587769979647,0.236337431314747,0.241354272814047,0.223440398765743,0.207610875298981,0.204752189091835,0.199983505778929
"92",92,-0.372514224550697,-0.131207931005198,-0.00493121561641569,0.198730346151997,0.162661942807888,0.0627406372561383,0.247990874998304,0.344032647013022,0.272002548017055,0.400345211618227,0.369437027326022,0.338552883137682,0.179400603469034,0.0465650845253563,0.0775427888232877,0.0821689661088583,0.0812654282477871,0.101604816198712,0.111512903403633,0.143620935131302,0.19398428313339,0.31421086077644,0.130185406952575,0.221155764203541,0.192363150424393,0.182027663593474,0.17583997300345,0.151206651964707,0.166117837573509,0.164934768829365,0.16293816888825,0.159191493751778,0.182785750709394,0.187366370422393,0.178906217297121,0.198180014058754,0.206703402686537,0.20794242579353,0.204045123715184,0.229980120380581,0.239921969443863,0.245031422130294,0.255614729322643,0.262206512710516,0.266570662941063,0.248565684000847,0.233209006683236,0.230250202184729
"93",93,-0.0316778311568118,-0.255781474494001,-0.203998248942051,-0.102366395368499,0.0862658177815684,0.0325583526823867,-0.0129357191920372,0.213970253310833,0.311547993503944,0.270548578160866,0.406192264850168,0.37226513887426,0.34519388996816,0.173120610383025,0.0451130710678527,0.0785780344520124,0.0837797131228074,0.0865473215842508,0.108337500317648,0.120714051712601,0.155392751440704,0.208647883564653,0.330952293384722,0.142228187865714,0.22928218133803,0.200887328299396,0.18988535215381,0.183970201639387,0.156990004623034,0.171272705307411,0.167186479888367,0.165085883080943,0.162070381363119,0.186672838092849,0.19149227766227,0.182103093944786,0.200676743432288,0.208819753557569,0.20996639478223,0.205218286937647,0.230490188423579,0.240175848194034,0.244787011747342,0.255092451197766,0.261345604535018,0.265590477776133,0.248182489380793,0.232595268366076
"94",94,-0.0679140679140271,0.306136783994797,0.11247518713039,0.0967888635880036,0.0953358308816591,0.19059281160186,0.130436494509551,0.0657986281578604,0.235367657334017,0.317616778411251,0.273044284138288,0.404151599072216,0.368638110066826,0.342930198496386,0.170591098565999,0.0461997504017736,0.078506692025053,0.0831613976913484,0.0859886138247403,0.107225261195643,0.119702429298595,0.154452620493217,0.208423239890958,0.331477260350176,0.141934557354901,0.228597352739725,0.200487564712017,0.189316596389322,0.183520739478657,0.156217682953549,0.170605570900883,0.166306728201628,0.164552359350206,0.161632312906171,0.18627640701555,0.190993153176253,0.181479729637098,0.200070576889916,0.208248544346926,0.209436179158508,0.204617433728432,0.229943228537286,0.239719644050115,0.244329215473925,0.254711779257727,0.2609942250433,0.265317186849553,0.248039731785017
"95",95,-0.0319947763632147,0.0976118982827914,0.433713778135325,0.318555048692316,0.288721341631071,0.261199594654038,0.306569988544379,0.244863043592115,0.169104053331324,0.278257374451021,0.343877066275247,0.285839410134191,0.408861058070461,0.372006618580134,0.347192529970582,0.175351138048584,0.0546296214545118,0.0847228774931788,0.0885418456791204,0.0902159179308657,0.110255322567461,0.122014585364567,0.155849075928188,0.208909734897353,0.331470697782594,0.141595991148347,0.228498479996612,0.20072637135745,0.189461838724489,0.183770572713983,0.156447253001194,0.171144764650126,0.166928905088586,0.165696557707179,0.16267520094845,0.186973880961988,0.191462154808736,0.181957810866634,0.200710569859864,0.209020397784378,0.210290070320089,0.205515512358065,0.231010688963157,0.240960104033001,0.245647869535749,0.256181305026062,0.262558192943115,0.267009415138411
"96",96,-0.198892881421774,-0.164290435275228,-0.133703663135484,0.121140134777563,-0.0115601920482735,-0.0137788470319103,-0.0324049507099348,0.0163391312044127,-0.00423480503970024,-0.0502727612202545,0.0827843789153414,0.149327976655744,0.152966830141566,0.267350922483518,0.248148403562457,0.225605962063158,0.118061988547068,0.00610016762781305,0.0358956231489531,0.0415342167233954,0.0450240809366025,0.0659040525416832,0.0777879324569348,0.110091007070848,0.163980963406451,0.280323281849517,0.122937267418927,0.200002429460138,0.172114975365593,0.163337341923523,0.157191050271302,0.135047803208343,0.146665854840279,0.146482262299921,0.142787788676835,0.14004475394026,0.164143135538487,0.16966981806593,0.161941042884932,0.179198782167573,0.186634064238225,0.18747150042344,0.184201102697415,0.208383539637521,0.217359064755627,0.222378236762157,0.232200989386365,0.238519711066398
"97",97,-0.0241494753664284,0.278816203069372,0.351535486727493,0.327443288418902,0.359210297227531,0.24990745725817,0.262150378540268,0.245277810367062,0.27703228076498,0.274286597384242,0.231559854770219,0.282305086293625,0.337104133905744,0.305065692310219,0.391182775946989,0.384281495335579,0.364744524577403,0.265063816411845,0.168299078934809,0.193085349084864,0.200281146671367,0.197874747791133,0.217291463540865,0.224488989854347,0.247684709477385,0.275528677581472,0.360051780475359,0.228913881712621,0.282312559195444,0.255814488086285,0.24907543341613,0.242920617676943,0.219921631992954,0.22681314599019,0.216818987619474,0.210382733214249,0.207116725554963,0.226998662052352,0.233640468744958,0.225339198985702,0.238154659440583,0.243408608539423,0.243598290075378,0.238674938171774,0.257489602045882,0.264177668162029,0.267339402979203,0.274901476343181
"98",98,-0.457905814259413,-0.192452331117606,0.144793349759101,0.252956634763086,0.209366333963503,0.223888779358245,0.152884812953397,0.167058628149358,0.173258550649726,0.222160258054452,0.216963969395836,0.194442358233552,0.270634837532164,0.33189192192842,0.318069035384352,0.411539355790529,0.404073395301632,0.388553084822351,0.275811534358212,0.18328059193761,0.211461294125894,0.22012768122725,0.221477611089983,0.243017666158847,0.252910994801876,0.278752043775862,0.308329255258148,0.394001661628241,0.257333166786042,0.30615548516858,0.280389133358944,0.273072065480173,0.267489715586014,0.241241688318859,0.247440720639274,0.232333363929351,0.225732791923707,0.2234830190781,0.244550915630201,0.25169835137731,0.24194109522265,0.253619636627518,0.258298702210372,0.258412175369317,0.251912136088589,0.269390095594879,0.275592864898519,0.277769296317437
"99",99,-0.342370039128005,-0.204037478705276,-0.18002863985951,0.126045136717638,0.231546366579627,0.195718570831023,0.215033437117155,0.138574078636541,0.15370735462652,0.157922767026358,0.206642917405509,0.203951074325786,0.180484431868799,0.257287136501131,0.320491367675385,0.308359227908864,0.402885248884799,0.397883118006495,0.382036221755384,0.275145982705456,0.181959726992547,0.210732568191763,0.22014362826324,0.221622264919543,0.243952665439914,0.253978846755945,0.279896583522721,0.309084958779835,0.393529414815183,0.262715785143097,0.308818224039287,0.28263340426211,0.275990545786279,0.270236584222344,0.244768346386275,0.250019282189789,0.234886683807634,0.227359003287263,0.225134297305645,0.246166799867375,0.253845040172948,0.244350557775986,0.25542880709962,0.259765899013011,0.259730282482791,0.253339289404196,0.270194246040642,0.276014524880181
"100",100,-0.630351742797944,-0.2693207099823,-0.0450297835597107,-0.120499889902097,0.116936627282502,0.208125915673086,0.165717029139525,0.185420275238082,0.121449495352075,0.132354061445403,0.138966509923587,0.187075702298831,0.181789318783925,0.163528933727596,0.245258534023303,0.308155511535674,0.303108673720843,0.399261785561291,0.393812989240055,0.379565455887293,0.269972209519129,0.179015446604253,0.208749975501633,0.218531165780484,0.221557109394989,0.244546103987472,0.255677746893098,0.282743090530989,0.313541289845313,0.399303083434336,0.267174967824437,0.311995421269012,0.286123533935545,0.27933370660184,0.273816797081901,0.247474646733108,0.252528594045414,0.236115877636318,0.228591963243952,0.226804130779455,0.248424031545133,0.256297413219605,0.246386900956341,0.257135262235685,0.261305875379913,0.261258520621141,0.254430872978379,0.270925605476312
